,,,,,,,,％Per Annum
,Central Bank Rates (End of Period),,Rates by Banks    (End of Period),,,Interbank Call Loan Market,Short-Term Bills Market,Bond Market
Month,Discount Rates,Interest Rates on Accommodations with Collateral,1-Month Deposit Rates,1-Year Deposit Rates,Base Lending Rates(1),Weighted Averages of Overnight Interest Rates,31-90 Days CP Rates in Secondary Market,10-Year Gov't Bond Rates in Secondary Market
1961.07,14.400 ,16.200 ,5.40 ,--,16.200 ,--,--,--
1961.08,14.400 ,16.200 ,5.40 ,--,16.200 ,--,--,--
1961.09,14.400 ,16.200 ,5.40 ,--,16.200 ,--,--,--
1961.10,14.400 ,16.200 ,5.40 ,--,16.200 ,--,--,--
1961.11,14.400 ,16.200 ,5.40 ,--,16.200 ,--,--,--
1961.12,14.400 ,16.200 ,5.40 ,--,16.200 ,--,--,--
1962.01,12.960 ,16.200 ,5.40 ,--,16.200 ,--,--,--
1962.02,12.960 ,16.200 ,5.40 ,--,16.200 ,--,--,--
1962.03,12.960 ,16.200 ,5.40 ,--,16.200 ,--,--,--
1962.04,12.960 ,16.200 ,5.40 ,--,16.200 ,--,--,--
1962.05,12.960 ,16.200 ,5.40 ,--,16.200 ,--,--,--
1962.06,12.960 ,16.200 ,5.40 ,--,16.200 ,--,--,--
1962.07,12.960 ,16.200 ,5.40 ,--,16.200 ,--,--,--
1962.08,12.960 ,15.840 ,4.68 ,--,15.840 ,--,--,--
1962.09,12.960 ,15.840 ,4.68 ,--,15.840 ,--,--,--
1962.10,12.960 ,15.840 ,4.68 ,--,15.840 ,--,--,--
1962.11,12.960 ,15.840 ,4.68 ,--,15.840 ,--,--,--
1962.12,12.960 ,15.840 ,4.68 ,--,15.840 ,--,--,--
1963.01,12.960 ,15.840 ,4.68 ,--,15.840 ,--,--,--
1963.02,12.960 ,15.840 ,4.68 ,--,15.840 ,--,--,--
1963.03,12.960 ,15.840 ,4.68 ,--,15.840 ,--,--,--
1963.04,12.960 ,15.840 ,4.68 ,--,15.840 ,--,--,--
1963.05,12.960 ,15.840 ,4.68 ,--,15.840 ,--,--,--
1963.06,12.960 ,15.840 ,4.68 ,--,15.840 ,--,--,--
1963.07,11.520 ,14.040 ,4.50 ,--,14.040 ,--,--,--
1963.08,11.520 ,14.040 ,4.50 ,--,14.040 ,--,--,--
1963.09,11.520 ,14.040 ,4.50 ,--,14.040 ,--,--,--
1963.10,11.520 ,14.040 ,4.50 ,--,14.040 ,--,--,--
1963.11,11.520 ,14.040 ,4.50 ,--,14.040 ,--,--,--
1963.12,11.520 ,14.040 ,4.50 ,--,14.040 ,--,--,--
1964.01,11.520 ,14.040 ,4.50 ,--,14.040 ,--,--,--
1964.02,11.520 ,14.040 ,4.50 ,--,14.040 ,--,--,--
1964.03,11.520 ,14.040 ,4.20 ,--,14.040 ,--,--,--
1964.04,11.520 ,14.040 ,4.20 ,--,14.040 ,--,--,--
1964.05,11.520 ,14.040 ,4.20 ,--,14.040 ,--,--,--
1964.06,11.520 ,14.040 ,4.20 ,--,14.040 ,--,--,--
1964.07,11.520 ,14.040 ,4.20 ,--,14.040 ,--,--,--
1964.08,11.520 ,14.040 ,4.20 ,--,14.040 ,--,--,--
1964.09,11.520 ,14.040 ,4.20 ,--,14.040 ,--,--,--
1964.10,11.520 ,14.040 ,4.20 ,--,14.040 ,--,--,--
1964.11,11.520 ,14.040 ,4.20 ,--,14.040 ,--,--,--
1964.12,11.520 ,14.040 ,4.20 ,--,14.040 ,--,--,--
1965.01,11.520 ,14.040 ,4.20 ,--,14.040 ,--,--,--
1965.02,11.520 ,14.040 ,4.20 ,--,14.040 ,--,--,--
1965.03,11.520 ,14.040 ,4.20 ,--,14.040 ,--,--,--
1965.04,11.520 ,14.040 ,4.20 ,--,14.040 ,--,--,--
1965.05,11.520 ,14.040 ,4.20 ,--,14.040 ,--,--,--
1965.06,11.520 ,14.040 ,4.20 ,--,14.040 ,--,--,--
1965.07,11.520 ,14.040 ,4.20 ,--,14.040 ,--,--,--
1965.08,11.520 ,14.040 ,4.20 ,--,14.040 ,--,--,--
1965.09,11.520 ,14.040 ,4.20 ,--,14.040 ,--,--,--
1965.10,11.520 ,14.040 ,4.20 ,--,14.040 ,--,--,--
1965.11,11.520 ,14.040 ,4.20 ,--,14.040 ,--,--,--
1965.12,11.520 ,14.040 ,4.20 ,--,14.040 ,--,--,--
1966.01,11.520 ,14.040 ,4.20 ,--,14.040 ,--,--,--
1966.02,11.520 ,14.040 ,4.20 ,--,14.040 ,--,--,--
1966.03,11.520 ,14.040 ,4.20 ,--,14.040 ,--,--,--
1966.04,11.520 ,14.040 ,4.20 ,--,14.040 ,--,--,--
1966.05,11.520 ,14.040 ,4.20 ,--,14.040 ,--,--,--
1966.06,11.520 ,14.040 ,4.20 ,--,14.040 ,--,--,--
1966.07,11.520 ,14.040 ,4.20 ,--,14.040 ,--,--,--
1966.08,11.520 ,14.040 ,4.20 ,--,14.040 ,--,--,--
1966.09,11.520 ,14.040 ,4.20 ,--,14.040 ,--,--,--
1966.10,11.520 ,14.040 ,4.20 ,--,14.040 ,--,--,--
1966.11,11.520 ,14.040 ,4.20 ,--,14.040 ,--,--,--
1966.12,11.520 ,14.040 ,4.20 ,--,14.040 ,--,--,--
1967.01,11.520 ,14.040 ,4.20 ,--,14.040 ,--,--,--
1967.02,11.520 ,14.040 ,4.20 ,--,14.040 ,--,--,--
1967.03,11.520 ,14.040 ,4.20 ,--,14.040 ,--,--,--
1967.04,11.520 ,14.040 ,4.20 ,--,14.040 ,--,--,--
1967.05,10.800 ,13.320 ,3.60 ,--,13.320 ,--,--,--
1967.06,10.800 ,13.320 ,3.60 ,--,13.320 ,--,--,--
1967.07,10.800 ,13.320 ,3.60 ,--,13.320 ,--,--,--
1967.08,10.800 ,13.320 ,3.60 ,--,13.320 ,--,--,--
1967.09,10.800 ,13.320 ,3.60 ,--,13.320 ,--,--,--
1967.10,10.800 ,13.320 ,3.60 ,--,13.320 ,--,--,--
1967.11,10.800 ,13.320 ,3.60 ,--,13.320 ,--,--,--
1967.12,10.800 ,13.320 ,3.60 ,--,13.320 ,--,--,--
1968.01,10.800 ,13.320 ,3.60 ,--,13.320 ,--,--,--
1968.02,10.800 ,13.320 ,3.60 ,--,13.320 ,--,--,--
1968.03,10.800 ,13.320 ,3.60 ,--,13.320 ,--,--,--
1968.04,10.800 ,13.320 ,3.60 ,--,13.320 ,--,--,--
1968.05,10.800 ,13.320 ,3.60 ,--,13.320 ,--,--,--
1968.06,10.800 ,13.320 ,3.60 ,--,13.320 ,--,--,--
1968.07,10.800 ,13.320 ,3.60 ,--,13.320 ,--,--,--
1968.08,11.880 ,14.040 ,3.60 ,--,13.320 ,--,--,--
1968.09,11.880 ,14.040 ,5.40 ,--,13.320 ,--,--,--
1968.10,11.880 ,14.040 ,5.40 ,--,13.320 ,--,--,--
1968.11,11.880 ,14.040 ,5.40 ,--,13.320 ,--,--,--
1968.12,11.880 ,14.040 ,5.40 ,--,13.320 ,--,--,--
1969.01,11.880 ,14.040 ,5.40 ,--,13.320 ,--,--,--
1969.02,11.880 ,14.040 ,5.40 ,--,13.320 ,--,--,--
1969.03,11.880 ,14.040 ,5.40 ,--,13.320 ,--,--,--
1969.04,11.880 ,14.040 ,5.40 ,--,13.320 ,--,--,--
1969.05,10.800 ,13.320 ,5.40 ,--,13.320 ,--,--,--
1969.06,10.800 ,13.320 ,5.40 ,--,13.320 ,--,--,--
1969.07,10.800 ,13.320 ,5.40 ,--,13.320 ,--,--,--
1969.08,10.800 ,13.320 ,5.40 ,--,13.320 ,--,--,--
1969.09,10.800 ,13.320 ,5.40 ,--,13.320 ,--,--,--
1969.10,10.800 ,13.320 ,5.40 ,--,13.320 ,--,--,--
1969.11,10.800 ,13.320 ,5.40 ,--,13.320 ,--,--,--
1969.12,10.800 ,13.320 ,5.40 ,--,13.320 ,--,--,--
1970.01,10.800 ,11.400 ,5.40 ,--,13.320 ,--,--,--
1970.02,10.800 ,11.400 ,5.40 ,--,13.320 ,--,--,--
1970.03,10.800 ,11.400 ,5.40 ,--,13.320 ,--,--,--
1970.04,10.800 ,11.400 ,5.40 ,--,13.320 ,--,--,--
1970.05,10.800 ,11.400 ,5.40 ,--,13.320 ,--,--,--
1970.06,10.800 ,11.400 ,5.40 ,--,13.320 ,--,--,--
1970.07,10.800 ,11.400 ,5.40 ,--,13.320 ,--,--,--
1970.08,10.800 ,11.400 ,5.40 ,--,13.320 ,--,--,--
1970.09,10.800 ,11.400 ,5.40 ,--,13.320 ,--,--,--
1970.10,10.800 ,11.400 ,5.40 ,--,13.320 ,--,--,--
1970.11,10.800 ,11.400 ,5.40 ,--,13.320 ,--,--,--
1970.12,9.800 ,10.500 ,5.04 ,--,12.600 ,--,--,--
1971.01,9.800 ,10.500 ,5.04 ,--,12.600 ,--,--,--
1971.02,9.800 ,10.500 ,5.04 ,--,12.600 ,--,--,--
1971.03,9.800 ,10.500 ,5.04 ,--,12.600 ,--,--,--
1971.04,9.800 ,10.500 ,5.04 ,--,12.600 ,--,--,--
1971.05,9.250 ,10.000 ,4.50 ,--,12.000 ,--,--,--
1971.06,9.250 ,10.000 ,4.50 ,--,12.000 ,--,--,--
1971.07,9.250 ,10.000 ,4.50 ,--,12.000 ,--,--,--
1971.08,9.250 ,10.000 ,4.50 ,--,12.000 ,--,--,--
1971.09,9.250 ,10.000 ,4.50 ,--,12.000 ,--,--,--
1971.10,9.250 ,10.000 ,4.50 ,--,12.000 ,--,--,--
1971.11,9.250 ,10.000 ,4.50 ,--,12.000 ,--,--,--
1971.12,9.250 ,10.000 ,5.50 ,--,12.000 ,--,--,--
1972.01,9.250 ,10.000 ,5.50 ,--,12.000 ,--,--,--
1972.02,9.250 ,10.000 ,5.50 ,--,12.000 ,--,--,--
1972.03,9.250 ,10.000 ,5.50 ,--,12.000 ,--,--,--
1972.04,9.250 ,10.000 ,5.50 ,--,12.000 ,--,--,--
1972.05,9.250 ,10.000 ,5.50 ,--,12.000 ,--,--,--
1972.06,9.250 ,10.000 ,5.50 ,--,12.000 ,--,--,--
1972.07,8.500 ,9.250 ,5.25 ,--,11.250 ,--,--,--
1972.08,8.500 ,9.250 ,5.25 ,--,11.250 ,--,--,--
1972.09,8.500 ,9.250 ,5.25 ,--,11.250 ,--,--,--
1972.10,8.500 ,9.250 ,5.25 ,--,11.250 ,--,--,--
1972.11,8.500 ,9.250 ,5.25 ,--,11.250 ,--,--,--
1972.12,8.500 ,9.250 ,5.25 ,--,11.250 ,--,--,--
1973.01,8.500 ,9.250 ,5.25 ,--,11.250 ,--,--,--
1973.02,8.500 ,9.250 ,5.25 ,--,11.250 ,--,--,--
1973.03,8.500 ,9.250 ,5.25 ,--,11.250 ,--,--,--
1973.04,8.500 ,9.250 ,5.25 ,--,11.250 ,--,--,--
1973.05,8.500 ,9.250 ,5.25 ,--,11.250 ,--,--,--
1973.06,8.500 ,9.250 ,5.25 ,--,11.250 ,--,--,--
1973.07,9.500 ,10.500 ,6.00 ,--,12.000 ,--,--,--
1973.08,9.500 ,10.500 ,6.00 ,--,12.000 ,--,--,--
1973.09,9.500 ,10.500 ,6.00 ,--,12.000 ,--,--,--
1973.10,10.750 ,11.750 ,7.00 ,--,13.250 ,--,--,--
1973.11,10.750 ,11.750 ,7.00 ,--,13.250 ,--,--,--
1973.12,10.750 ,11.750 ,7.00 ,--,13.250 ,--,--,--
1974.01,14.000 ,15.500 ,10.00 ,--,16.500 ,--,--,--
1974.02,14.000 ,15.500 ,10.00 ,--,16.500 ,--,--,--
1974.03,14.000 ,15.500 ,10.00 ,--,16.500 ,--,--,--
1974.04,14.000 ,15.500 ,10.00 ,--,16.500 ,--,--,--
1974.05,14.000 ,15.500 ,10.00 ,--,16.500 ,--,--,--
1974.06,14.000 ,15.500 ,10.00 ,--,16.500 ,--,--,--
1974.07,14.000 ,15.500 ,10.00 ,--,16.500 ,--,--,--
1974.08,14.000 ,15.500 ,10.00 ,--,16.500 ,--,--,--
1974.09,12.500 ,14.000 ,9.00 ,--,15.250 ,--,--,--
1974.10,12.500 ,14.000 ,9.00 ,--,15.250 ,--,--,--
1974.11,12.500 ,14.000 ,9.00 ,--,15.250 ,--,--,--
1974.12,12.000 ,13.500 ,8.50 ,--,14.750 ,--,--,--
1975.01,12.000 ,13.500 ,8.50 ,--,14.750 ,--,--,--
1975.02,11.500 ,12.750 ,8.25 ,--,14.000 ,--,--,--
1975.03,11.500 ,12.750 ,8.25 ,--,14.000 ,--,--,--
1975.04,10.750 ,12.000 ,7.50 ,--,13.250 ,--,--,--
1975.05,10.750 ,12.000 ,7.50 ,--,13.250 ,--,--,--
1975.06,10.750 ,12.000 ,7.50 ,--,13.250 ,--,--,--
1975.07,10.750 ,12.000 ,7.50 ,12.00 ,13.125 ,--,--,--
1975.08,10.750 ,12.000 ,7.50 ,12.00 ,13.125 ,--,--,--
1975.09,10.750 ,12.000 ,7.50 ,12.00 ,13.125 ,--,--,--
1975.10,10.750 ,12.000 ,7.50 ,12.00 ,13.125 ,--,--,--
1975.11,10.750 ,12.000 ,7.50 ,12.00 ,13.125 ,--,--,--
1975.12,10.750 ,12.000 ,7.50 ,12.00 ,13.125 ,--,--,--
1976.01,10.750 ,12.000 ,7.50 ,12.00 ,13.125 ,--,--,--
1976.02,10.750 ,12.000 ,7.50 ,12.00 ,13.125 ,--,--,--
1976.03,10.750 ,12.000 ,7.50 ,12.00 ,13.125 ,--,--,--
1976.04,10.750 ,12.000 ,7.50 ,12.00 ,13.125 ,--,--,--
1976.05,10.750 ,12.000 ,7.50 ,12.00 ,13.125 ,--,--,--
1976.06,10.750 ,12.000 ,7.50 ,12.00 ,13.125 ,--,--,--
1976.07,10.750 ,12.000 ,7.50 ,12.00 ,13.125 ,--,--,--
1976.08,10.750 ,12.000 ,7.50 ,12.00 ,13.125 ,--,--,--
1976.09,10.750 ,12.000 ,7.50 ,12.00 ,13.125 ,--,--,--
1976.10,10.000 ,11.250 ,7.00 ,11.25 ,12.375 ,--,--,--
1976.11,10.000 ,11.250 ,7.00 ,11.25 ,12.375 ,--,--,--
1976.12,9.500 ,10.750 ,6.50 ,10.75 ,11.875 ,--,--,--
1977.01,9.500 ,10.750 ,6.50 ,10.75 ,11.875 ,--,--,--
1977.02,9.500 ,10.750 ,6.50 ,10.75 ,11.875 ,--,--,--
1977.03,9.500 ,10.750 ,5.75 ,10.75 ,11.875 ,--,--,--
1977.04,8.750 ,10.000 ,5.75 ,10.00 ,11.125 ,--,--,--
1977.05,8.750 ,10.000 ,5.25 ,10.00 ,11.125 ,--,--,--
1977.06,8.250 ,9.500 ,5.25 ,9.50 ,10.625 ,--,--,--
1977.07,8.250 ,9.500 ,5.25 ,9.50 ,10.625 ,--,--,--
1977.08,8.250 ,9.500 ,5.25 ,9.50 ,10.625 ,--,--,--
1977.09,8.250 ,9.500 ,5.25 ,9.50 ,10.625 ,--,--,--
1977.10,8.250 ,9.500 ,5.25 ,9.50 ,10.625 ,--,--,--
1977.11,8.250 ,9.500 ,5.25 ,9.50 ,10.625 ,--,--,--
1977.12,8.250 ,9.500 ,5.25 ,9.50 ,10.625 ,--,--,--
1978.01,8.250 ,9.500 ,5.25 ,9.50 ,10.625 ,--,--,--
1978.02,8.250 ,9.500 ,5.25 ,9.50 ,10.625 ,--,--,--
1978.03,8.250 ,9.500 ,5.25 ,9.50 ,10.625 ,--,--,--
1978.04,8.250 ,9.500 ,5.25 ,9.50 ,10.625 ,--,--,--
1978.05,8.250 ,9.500 ,5.25 ,9.50 ,10.625 ,--,--,--
1978.06,8.250 ,9.500 ,5.25 ,9.50 ,10.625 ,--,--,--
1978.07,8.250 ,9.500 ,5.25 ,9.50 ,10.625 ,--,--,--
1978.08,8.250 ,9.500 ,5.25 ,9.50 ,10.625 ,--,--,--
1978.09,8.250 ,9.500 ,5.25 ,9.50 ,10.625 ,--,--,--
1978.10,8.250 ,9.500 ,5.25 ,9.50 ,10.625 ,--,--,--
1978.11,8.250 ,9.500 ,5.25 ,9.50 ,10.625 ,--,--,--
1978.12,8.250 ,9.500 ,5.25 ,9.50 ,10.625 ,--,--,--
1979.01,8.250 ,9.500 ,5.25 ,9.50 ,10.625 ,--,--,--
1979.02,8.250 ,9.500 ,5.25 ,9.50 ,10.625 ,--,--,--
1979.03,8.250 ,9.500 ,5.25 ,9.50 ,10.625 ,--,--,--
1979.04,8.250 ,9.500 ,5.25 ,9.50 ,10.625 ,--,--,--
1979.05,9.500 ,11.000 ,7.00 ,11.00 ,12.250 ,--,--,--
1979.06,9.500 ,11.000 ,7.00 ,11.00 ,12.250 ,--,--,--
1979.07,9.500 ,11.000 ,7.00 ,11.00 ,12.250 ,--,--,--
1979.08,11.000 ,12.500 ,9.00 ,12.50 ,14.250 ,--,--,--
1979.09,11.000 ,12.500 ,9.00 ,12.50 ,14.250 ,--,--,--
1979.10,11.000 ,12.500 ,9.00 ,12.50 ,14.250 ,--,--,--
1979.11,11.000 ,12.500 ,9.00 ,12.50 ,14.250 ,--,--,--
1979.12,11.000 ,12.500 ,9.00 ,12.50 ,14.250 ,--,--,--
1980.01,11.000 ,12.500 ,9.00 ,12.50 ,14.250 ,--,--,--
1980.02,11.000 ,12.500 ,9.00 ,12.50 ,14.250 ,--,--,--
1980.03,11.000 ,12.500 ,9.00 ,12.50 ,14.250 ,--,--,--
1980.04,11.000 ,12.500 ,9.00 ,12.50 ,14.250 ,--,--,--
1980.05,11.000 ,12.500 ,9.00 ,12.50 ,14.250 ,--,--,--
1980.06,11.000 ,12.500 ,9.00 ,12.50 ,14.250 ,--,--,--
1980.07,11.000 ,12.500 ,9.00 ,12.50 ,14.250 ,--,--,--
1980.08,11.000 ,12.500 ,9.00 ,12.50 ,14.250 ,--,--,--
1980.09,11.000 ,12.500 ,9.00 ,12.50 ,14.250 ,--,--,--
1980.10,11.000 ,12.500 ,9.00 ,12.50 ,14.250 ,--,--,--
1980.11,11.000 ,12.500 ,9.75 ,12.50 ,14.500 ,--,17.34 ,--
1980.12,11.000 ,12.500 ,9.75 ,12.50 ,14.500 ,--,17.61 ,--
1981.01,12.000 ,13.500 ,10.25 ,13.00 ,15.000 ,15.690 ,18.81 ,--
1981.02,12.000 ,13.500 ,10.25 ,13.00 ,15.000 ,14.810 ,18.85 ,--
1981.03,12.000 ,13.500 ,10.25 ,13.00 ,15.000 ,13.260 ,17.43 ,--
1981.04,12.000 ,13.500 ,10.25 ,13.00 ,15.000 ,15.120 ,18.05 ,--
1981.05,12.000 ,13.500 ,10.25 ,13.00 ,15.000 ,15.720 ,18.66 ,--
1981.06,13.250 ,14.750 ,10.75 ,14.50 ,16.250 ,15.980 ,19.46 ,--
1981.07,13.250 ,14.750 ,10.75 ,14.50 ,16.250 ,14.630 ,20.20 ,--
1981.08,13.250 ,14.750 ,10.75 ,14.50 ,15.000 ,14.980 ,19.20 ,--
1981.09,13.250 ,14.750 ,10.75 ,14.50 ,15.000 ,12.560 ,15.99 ,--
1981.10,12.250 ,13.250 ,10.75 ,13.50 ,14.000 ,12.390 ,15.15 ,--
1981.11,12.250 ,13.250 ,10.75 ,13.50 ,14.000 ,11.500 ,13.97 ,--
1981.12,11.750 ,12.750 ,10.25 ,13.00 ,13.500 ,10.940 ,13.23 ,--
1982.01,11.750 ,12.750 ,10.25 ,13.00 ,13.500 ,12.890 ,13.74 ,--
1982.02,11.250 ,12.500 ,10.00 ,12.50 ,13.000 ,14.830 ,14.57 ,--
1982.03,11.250 ,12.500 ,10.00 ,12.50 ,13.000 ,11.720 ,13.53 ,--
1982.04,10.250 ,11.500 ,9.00 ,11.50 ,12.000 ,11.870 ,12.66 ,--
1982.05,10.250 ,11.500 ,9.00 ,11.50 ,12.000 ,11.990 ,12.61 ,--
1982.06,10.250 ,11.500 ,9.00 ,11.50 ,12.000 ,12.900 ,12.38 ,--
1982.07,9.250 ,10.500 ,8.50 ,10.50 ,11.000 ,9.570 ,11.63 ,--
1982.08,9.250 ,10.500 ,8.50 ,10.50 ,11.000 ,11.100 ,11.30 ,--
1982.09,8.500 ,9.750 ,7.75 ,9.75 ,10.250 ,8.900 ,11.10 ,--
1982.10,8.500 ,9.750 ,7.75 ,9.75 ,10.250 ,8.790 ,10.01 ,--
1982.11,8.500 ,9.750 ,7.75 ,9.75 ,10.250 ,8.460 ,9.67 ,--
1982.12,7.750 ,9.000 ,7.00 ,9.00 ,9.500 ,8.380 ,9.77 ,--
1983.01,7.750 ,9.000 ,7.00 ,9.00 ,9.500 ,7.090 ,9.26 ,--
1983.02,7.750 ,9.000 ,7.00 ,9.00 ,9.500 ,8.160 ,9.52 ,--
1983.03,7.250 ,8.500 ,6.50 ,8.50 ,9.000 ,6.660 ,7.94 ,--
1983.04,7.250 ,8.500 ,6.50 ,8.50 ,9.000 ,6.710 ,7.36 ,--
1983.05,7.250 ,8.500 ,6.50 ,8.50 ,9.000 ,6.720 ,7.55 ,--
1983.06,7.250 ,8.500 ,6.50 ,8.50 ,9.000 ,7.140 ,7.69 ,--
1983.07,7.250 ,8.500 ,6.50 ,8.50 ,9.000 ,7.390 ,8.48 ,--
1983.08,7.250 ,8.500 ,6.50 ,8.50 ,9.000 ,7.530 ,8.75 ,--
1983.09,7.250 ,8.500 ,6.50 ,8.50 ,9.000 ,6.120 ,8.37 ,--
1983.10,7.250 ,8.500 ,6.50 ,8.50 ,9.000 ,6.390 ,7.80 ,--
1983.11,7.250 ,8.500 ,6.50 ,8.50 ,9.000 ,6.000 ,7.44 ,--
1983.12,7.250 ,8.500 ,6.50 ,8.50 ,9.000 ,6.420 ,7.67 ,--
1984.01,7.250 ,8.500 ,6.50 ,8.50 ,9.000 ,8.100 ,8.36 ,--
1984.02,7.250 ,8.500 ,6.50 ,8.50 ,9.000 ,8.450 ,8.37 ,--
1984.03,7.250 ,8.500 ,6.50 ,8.50 ,9.000 ,7.230 ,7.60 ,--
1984.04,7.250 ,8.500 ,6.50 ,8.50 ,9.000 ,6.510 ,7.39 ,--
1984.05,7.000 ,8.250 ,6.25 ,8.25 ,8.750 ,5.050 ,6.88 ,--
1984.06,7.000 ,8.250 ,6.25 ,8.25 ,8.750 ,5.900 ,7.04 ,--
1984.07,7.000 ,8.250 ,6.25 ,8.25 ,8.750 ,6.780 ,7.51 ,--
1984.08,7.000 ,8.250 ,6.25 ,8.25 ,8.750 ,5.470 ,6.93 ,--
1984.09,7.000 ,8.250 ,6.25 ,8.25 ,8.750 ,6.700 ,6.79 ,--
1984.10,7.000 ,8.250 ,6.25 ,8.25 ,8.750 ,5.040 ,6.38 ,--
1984.11,6.750 ,8.000 ,6.00 ,8.00 ,8.500 ,6.050 ,6.25 ,--
1984.12,6.750 ,8.000 ,6.00 ,8.00 ,8.500 ,6.610 ,7.19 ,--
1985.01,6.750 ,8.000 ,6.00 ,8.00 ,8.500 ,6.590 ,7.65 ,--
1985.02,6.750 ,8.000 ,6.00 ,8.00 ,8.500 ,8.350 ,7.92 ,--
1985.03,6.750 ,7.750 ,5.75 ,7.75 ,7.950 ,6.370 ,7.17 ,--
1985.04,6.750 ,7.750 ,5.75 ,7.75 ,7.950 ,5.417 ,6.66 ,--
1985.05,6.750 ,7.750 ,5.75 ,7.75 ,7.950 ,6.025 ,6.44 ,--
1985.06,6.250 ,7.250 ,5.50 ,7.25 ,7.848 ,5.427 ,6.39 ,--
1985.07,6.250 ,7.250 ,5.50 ,7.25 ,7.650 ,5.631 ,6.38 ,--
1985.08,6.250 ,7.250 ,5.50 ,7.25 ,7.650 ,7.827 ,6.76 ,--
1985.09,5.750 ,6.750 ,5.25 ,6.75 ,7.578 ,5.883 ,6.32 ,--
1985.10,5.750 ,6.750 ,5.25 ,6.75 ,7.400 ,5.000 ,5.42 ,--
1985.11,5.250 ,6.250 ,4.75 ,6.25 ,7.370 ,5.000 ,4.88 ,--
1985.12,5.250 ,6.250 ,4.75 ,6.25 ,7.250 ,5.000 ,4.14 ,--
1986.01,5.250 ,6.250 ,4.50 ,6.25 ,7.250 ,5.080 ,3.60 ,--
1986.02,5.250 ,6.250 ,4.25 ,5.75 ,7.250 ,5.010 ,2.78 ,--
1986.03,4.750 ,5.750 ,4.00 ,5.50 ,7.124 ,3.570 ,3.03 ,--
1986.04,4.750 ,5.750 ,4.00 ,5.50 ,7.100 ,3.640 ,4.05 ,--
1986.05,4.750 ,5.750 ,4.00 ,5.50 ,7.100 ,3.500 ,3.75 ,--
1986.06,4.750 ,5.750 ,4.00 ,5.50 ,7.100 ,4.320 ,3.45 ,--
1986.07,4.750 ,5.750 ,4.00 ,5.50 ,7.100 ,3.500 ,3.32 ,--
1986.08,4.750 ,5.750 ,4.00 ,5.50 ,7.100 ,3.500 ,3.00 ,--
1986.09,4.750 ,5.750 ,4.00 ,5.50 ,7.100 ,3.500 ,2.72 ,--
1986.10,4.500 ,5.500 ,3.50 ,5.00 ,6.986 ,3.730 ,2.88 ,--
1986.11,4.500 ,5.500 ,3.50 ,5.00 ,6.800 ,3.370 ,3.59 ,--
1986.12,4.500 ,5.500 ,3.50 ,5.00 ,6.800 ,4.000 ,4.04 ,--
1987.01,4.500 ,5.500 ,3.50 ,5.00 ,6.800 ,3.780 ,4.40 ,--
1987.02,4.500 ,5.500 ,3.50 ,5.00 ,6.800 ,3.570 ,3.77 ,--
1987.03,4.500 ,5.500 ,3.50 ,5.00 ,6.800 ,3.270 ,3.71 ,--
1987.04,4.500 ,5.500 ,3.50 ,5.00 ,6.800 ,3.650 ,3.31 ,--
1987.05,4.500 ,5.500 ,3.50 ,5.00 ,6.800 ,3.730 ,3.58 ,--
1987.06,4.500 ,5.500 ,3.50 ,5.00 ,6.800 ,3.450 ,3.72 ,--
1987.07,4.500 ,5.500 ,3.50 ,5.00 ,6.800 ,5.280 ,4.36 ,--
1987.08,4.500 ,5.500 ,3.50 ,5.00 ,6.800 ,4.030 ,4.01 ,--
1987.09,4.500 ,5.500 ,3.50 ,5.00 ,6.800 ,4.210 ,4.04 ,--
1987.10,4.500 ,5.500 ,3.50 ,5.00 ,6.800 ,3.640 ,3.43 ,--
1987.11,4.500 ,5.500 ,3.50 ,5.00 ,6.800 ,3.570 ,3.28 ,--
1987.12,4.500 ,5.500 ,3.50 ,5.00 ,6.800 ,4.560 ,3.21 ,--
1988.01,4.500 ,5.500 ,3.50 ,5.00 ,6.800 ,5.110 ,4.14 ,--
1988.02,4.500 ,5.500 ,3.50 ,5.00 ,6.800 ,5.520 ,4.58 ,--
1988.03,4.500 ,5.500 ,3.50 ,5.00 ,6.800 ,5.370 ,4.20 ,--
1988.04,4.500 ,5.500 ,3.50 ,5.00 ,6.800 ,5.230 ,4.46 ,--
1988.05,4.500 ,5.500 ,3.50 ,5.00 ,6.800 ,4.370 ,4.38 ,--
1988.06,4.500 ,5.500 ,3.50 ,5.00 ,6.800 ,5.650 ,5.25 ,--
1988.07,4.500 ,5.500 ,4.25 ,5.25 ,6.914 ,5.410 ,5.96 ,--
1988.08,4.500 ,5.500 ,4.25 ,5.25 ,7.050 ,3.970 ,4.69 ,--
1988.09,4.500 ,5.500 ,4.25 ,5.25 ,7.050 ,4.190 ,4.59 ,--
1988.10,4.500 ,5.500 ,4.25 ,5.25 ,7.050 ,3.890 ,4.57 ,--
1988.11,4.500 ,5.500 ,4.25 ,5.25 ,7.050 ,3.510 ,4.32 ,--
1988.12,4.500 ,5.500 ,4.25 ,5.25 ,7.050 ,4.210 ,4.76 ,--
1989.01,4.500 ,5.500 ,4.25 ,5.25 ,7.050 ,3.800 ,5.08 ,--
1989.02,4.500 ,5.500 ,4.25 ,5.25 ,7.050 ,4.420 ,4.82 ,--
1989.03,4.500 ,5.500 ,4.25 ,5.25 ,7.050 ,3.640 ,4.64 ,--
1989.04,5.500 ,6.500 ,6.00 ,7.00 ,8.145 ,10.850 ,8.62 ,--
1989.05,5.500 ,6.500 ,9.25 ,9.25 ,10.005 ,11.210 ,10.72 ,--
1989.06,5.500 ,6.500 ,8.75 ,9.25 ,10.500 ,7.950 ,11.31 ,--
1989.07,5.500 ,6.500 ,8.75 ,9.50 ,10.500 ,7.230 ,10.15 ,--
1989.08,7.750 ,8.750 ,8.50 ,9.50 ,10.500 ,8.750 ,8.75 ,--
1989.09,7.750 ,8.750 ,8.50 ,9.50 ,10.500 ,7.060 ,8.94 ,--
1989.10,7.750 ,8.750 ,8.50 ,9.50 ,10.500 ,8.590 ,8.78 ,--
1989.11,7.750 ,8.750 ,6.50 ,9.50 ,10.493 ,5.490 ,7.29 ,--
1989.12,7.750 ,8.750 ,7.25 ,9.50 ,10.425 ,5.660 ,7.82 ,--
1990.01,7.750 ,8.750 ,7.25 ,9.50 ,10.425 ,10.680 ,9.97 ,--
1990.02,7.750 ,8.750 ,8.60 ,9.50 ,10.425 ,13.030 ,12.35 ,--
1990.03,7.750 ,8.750 ,10.00 ,9.50 ,10.525 ,13.670 ,13.23 ,--
1990.04,7.750 ,8.750 ,9.50 ,9.50 ,10.525 ,11.620 ,11.66 ,--
1990.05,7.750 ,8.750 ,8.50 ,9.50 ,10.343 ,9.160 ,9.33 ,--
1990.06,7.750 ,8.750 ,8.50 ,9.50 ,10.300 ,11.170 ,10.55 ,--
1990.07,7.750 ,8.750 ,8.50 ,9.50 ,10.300 ,11.680 ,11.44 ,--
1990.08,7.750 ,8.750 ,8.50 ,9.50 ,10.300 ,10.040 ,9.82 ,--
1990.09,7.750 ,8.750 ,8.00 ,9.50 ,10.215 ,6.670 ,7.45 ,--
1990.10,7.750 ,8.750 ,6.50 ,9.50 ,10.050 ,5.410 ,6.12 ,--
1990.11,7.750 ,8.750 ,6.50 ,9.50 ,10.050 ,5.870 ,6.27 ,--
1990.12,7.750 ,8.750 ,6.50 ,9.50 ,10.050 ,6.270 ,6.61 ,--
1991.01,7.750 ,8.750 ,6.65 ,9.52 ,10.050 ,6.280 ,7.40 ,--
1991.02,7.750 ,8.750 ,6.65 ,9.52 ,10.050 ,8.020 ,8.04 ,--
1991.03,7.750 ,8.750 ,6.65 ,9.50 ,10.050 ,7.240 ,7.32 ,--
1991.04,7.750 ,8.750 ,6.65 ,9.50 ,10.050 ,8.090 ,8.24 ,--
1991.05,7.750 ,8.750 ,6.65 ,9.50 ,10.050 ,8.430 ,8.48 ,--
1991.06,7.750 ,8.750 ,6.65 ,9.50 ,10.050 ,8.290 ,8.53 ,--
1991.07,7.375 ,8.375 ,6.60 ,9.28 ,9.800 ,7.870 ,8.26 ,--
1991.08,7.375 ,8.375 ,6.60 ,9.28 ,9.800 ,8.390 ,8.55 ,--
1991.09,6.625 ,7.625 ,6.02 ,8.65 ,9.025 ,7.040 ,7.39 ,--
1991.10,6.625 ,7.625 ,5.95 ,8.65 ,9.025 ,4.911 ,5.86 ,--
1991.11,6.250 ,7.250 ,5.58 ,8.26 ,8.647 ,6.829 ,6.19 ,--
1991.12,6.250 ,7.250 ,5.58 ,8.26 ,8.647 ,6.328 ,6.75 ,--
1992.01,5.875 ,6.875 ,5.50 ,7.81 ,8.350 ,5.556 ,6.51 ,--
1992.02,5.875 ,6.875 ,5.50 ,7.81 ,8.350 ,6.892 ,6.83 ,--
1992.03,5.875 ,6.875 ,5.50 ,7.81 ,8.350 ,6.672 ,6.84 ,--
1992.04,5.875 ,6.875 ,5.50 ,7.81 ,8.350 ,6.679 ,6.84 ,--
1992.05,6.125 ,7.125 ,5.50 ,7.81 ,8.350 ,7.947 ,7.61 ,--
1992.06,6.125 ,7.125 ,5.50 ,7.86 ,8.350 ,8.530 ,8.51 ,--
1992.07,6.125 ,7.125 ,5.50 ,7.86 ,8.350 ,7.024 ,7.46 ,--
1992.08,6.125 ,7.125 ,5.50 ,7.86 ,8.350 ,7.132 ,7.36 ,--
1992.09,6.125 ,7.125 ,5.50 ,7.87 ,8.390 ,6.617 ,7.20 ,--
1992.10,5.625 ,6.625 ,5.45 ,7.79 ,8.289 ,6.072 ,6.63 ,--
1992.11,5.625 ,6.625 ,5.45 ,7.79 ,8.289 ,5.636 ,6.46 ,--
1992.12,5.625 ,6.625 ,5.45 ,7.79 ,8.298 ,7.037 ,7.71 ,--
1993.01,5.625 ,6.625 ,5.45 ,7.79 ,8.298 ,7.726 ,8.58 ,--
1993.02,5.625 ,6.625 ,5.45 ,7.79 ,8.298 ,6.918 ,7.55 ,--
1993.03,5.625 ,6.625 ,5.45 ,7.80 ,8.302 ,7.007 ,7.79 ,--
1993.04,5.625 ,6.625 ,5.45 ,7.80 ,8.302 ,7.184 ,8.09 ,--
1993.05,5.625 ,6.625 ,5.45 ,7.80 ,8.302 ,6.913 ,7.61 ,--
1993.06,5.625 ,6.625 ,5.45 ,7.80 ,8.302 ,6.079 ,6.54 ,--
1993.07,5.625 ,6.125 ,5.49 ,7.80 ,8.302 ,5.914 ,6.17 ,--
1993.08,5.625 ,6.125 ,5.47 ,7.78 ,8.237 ,6.080 ,6.09 ,--
1993.09,5.625 ,6.125 ,5.43 ,7.59 ,8.038 ,5.082 ,5.39 ,--
1993.10,5.625 ,6.125 ,5.63 ,7.59 ,8.038 ,6.002 ,5.78 ,--
1993.11,5.500 ,5.875 ,5.83 ,7.59 ,8.038 ,5.700 ,5.73 ,--
1993.12,5.500 ,5.875 ,5.43 ,7.59 ,8.030 ,5.648 ,6.02 ,--
1994.01,5.500 ,5.875 ,5.43 ,7.59 ,8.030 ,6.721 ,7.33 ,--
1994.02,5.500 ,5.875 ,5.43 ,7.59 ,8.030 ,7.070 ,7.04 ,--
1994.03,5.500 ,5.875 ,5.43 ,7.59 ,8.030 ,5.524 ,5.91 ,--
1994.04,5.500 ,5.875 ,5.32 ,7.28 ,7.875 ,5.514 ,5.53 ,--
1994.05,5.500 ,5.875 ,5.32 ,7.28 ,7.875 ,5.154 ,5.43 ,--
1994.06,5.500 ,5.875 ,5.18 ,7.06 ,7.760 ,5.493 ,5.64 ,--
1994.07,5.500 ,5.875 ,5.18 ,7.06 ,7.758 ,6.471 ,6.58 ,--
1994.08,5.500 ,5.875 ,5.18 ,7.06 ,7.758 ,8.400 ,8.33 ,--
1994.09,5.500 ,5.875 ,5.23 ,7.11 ,7.808 ,7.503 ,7.96 ,--
1994.10,5.500 ,5.875 ,5.33 ,7.29 ,7.935 ,6.847 ,7.81 ,--
1994.11,5.500 ,5.875 ,5.33 ,7.29 ,7.935 ,5.347 ,6.63 ,--
1994.12,5.500 ,5.875 ,5.33 ,7.29 ,7.935 ,5.583 ,7.00 ,--
1995.01,5.500 ,5.875 ,5.33 ,7.29 ,7.935 ,6.145 ,7.77 ,7.45 
1995.02,5.800 ,6.000 ,5.33 ,7.29 ,7.935 ,5.687 ,6.29 ,7.33 
1995.03,5.800 ,6.000 ,5.33 ,7.29 ,7.935 ,6.167 ,6.89 ,7.63 
1995.04,5.800 ,6.000 ,5.33 ,7.29 ,7.935 ,6.553 ,7.20 ,7.36 
1995.05,5.800 ,6.000 ,5.33 ,7.29 ,7.935 ,5.996 ,6.56 ,7.22 
1995.06,5.800 ,6.000 ,5.32 ,7.25 ,7.915 ,5.698 ,5.87 ,6.72 
1995.07,5.500 ,5.875 ,5.32 ,7.07 ,7.820 ,5.353 ,5.42 ,6.43 
1995.08,5.500 ,5.875 ,5.11 ,6.75 ,7.670 ,6.458 ,6.40 ,6.16 
1995.09,5.500 ,5.875 ,5.14 ,6.75 ,7.680 ,7.943 ,7.98 ,6.38 
1995.10,5.500 ,5.875 ,5.14 ,6.75 ,7.680 ,6.510 ,6.76 ,6.22 
1995.11,5.500 ,5.875 ,5.14 ,6.73 ,7.670 ,6.257 ,6.56 ,6.26 
1995.12,5.500 ,5.875 ,5.14 ,6.73 ,7.670 ,6.042 ,6.26 ,6.31 
1996.01,5.500 ,5.875 ,5.14 ,6.72 ,7.670 ,5.705 ,6.49 ,6.27 
1996.02,5.500 ,5.875 ,5.14 ,6.72 ,7.670 ,6.103 ,7.06 ,6.17 
1996.03,5.500 ,5.875 ,5.14 ,6.72 ,7.670 ,6.082 ,6.73 ,6.25 
1996.04,5.500 ,5.875 ,5.14 ,6.72 ,7.670 ,5.931 ,6.65 ,6.19 
1996.05,5.250 ,5.625 ,5.12 ,6.64 ,7.550 ,5.453 ,5.79 ,6.17 
1996.06,5.250 ,5.625 ,5.12 ,6.64 ,7.550 ,5.089 ,5.37 ,6.08 
1996.07,5.250 ,5.625 ,5.12 ,6.64 ,7.550 ,5.043 ,5.19 ,6.12 
1996.08,5.000 ,5.375 ,5.18 ,6.41 ,7.445 ,5.453 ,5.54 ,5.93 
1996.09,5.000 ,5.375 ,5.18 ,6.41 ,7.445 ,5.099 ,5.22 ,5.66 
1996.10,5.000 ,5.375 ,5.04 ,6.08 ,7.385 ,4.930 ,5.09 ,5.71 
1996.11,5.000 ,5.375 ,5.02 ,6.02 ,7.380 ,5.053 ,5.11 ,5.82 
1996.12,5.000 ,5.375 ,5.02 ,6.02 ,7.380 ,5.147 ,5.26 ,6.14 
1997.01,5.000 ,5.375 ,5.02 ,6.02 ,7.380 ,5.653 ,5.90 ,6.15 
1997.02,5.000 ,5.375 ,5.02 ,6.02 ,7.380 ,6.660 ,6.32 ,6.07 
1997.03,5.000 ,5.375 ,5.02 ,6.02 ,7.380 ,6.188 ,6.18 ,6.12 
1997.04,5.000 ,5.375 ,5.02 ,6.02 ,7.380 ,6.562 ,6.46 ,6.09 
1997.05,5.000 ,5.375 ,5.02 ,6.02 ,7.380 ,5.663 ,5.80 ,6.01 
1997.06,5.000 ,5.375 ,5.02 ,5.95 ,7.375 ,7.208 ,6.55 ,5.84 
1997.07,5.000 ,5.375 ,5.02 ,5.95 ,7.375 ,7.107 ,6.85 ,5.97 
1997.08,5.250 ,5.625 ,5.21 ,6.03 ,7.500 ,8.112 ,7.62 ,6.12 
1997.09,5.250 ,5.625 ,5.21 ,6.03 ,7.500 ,7.555 ,7.79 ,6.17 
1997.10,5.250 ,5.625 ,5.21 ,6.03 ,7.500 ,7.816 ,7.59 ,6.36 
1997.11,5.250 ,5.625 ,5.21 ,6.03 ,7.500 ,7.116 ,7.45 ,6.28 
1997.12,5.250 ,5.625 ,5.21 ,6.03 ,7.500 ,6.666 ,7.43 ,6.50 
1998.01,5.250 ,5.625 ,5.21 ,6.03 ,7.500 ,7.312 ,7.96 ,6.57 
1998.02,5.250 ,5.625 ,6.45 ,6.52 ,7.955 ,7.222 ,7.78 ,6.70 
1998.03,5.250 ,5.625 ,6.45 ,6.52 ,7.955 ,6.931 ,7.51 ,6.54 
1998.04,5.250 ,5.625 ,6.40 ,6.53 ,7.955 ,6.800 ,7.15 ,6.33 
1998.05,5.250 ,5.625 ,6.37 ,6.53 ,7.955 ,6.877 ,7.00 ,6.45 
1998.06,5.250 ,5.625 ,6.37 ,6.53 ,7.955 ,6.837 ,7.08 ,6.40 
1998.07,5.250 ,5.625 ,6.37 ,6.53 ,7.955 ,6.748 ,6.95 ,6.22 
1998.08,5.250 ,5.625 ,6.30 ,6.51 ,7.920 ,6.673 ,6.79 ,5.99 
1998.09,5.125 ,5.500 ,6.26 ,6.48 ,7.898 ,6.521 ,6.67 ,5.22 
1998.10,5.125 ,5.500 ,5.66 ,6.20 ,7.811 ,6.061 ,6.04 ,5.14 
1998.11,5.000 ,5.375 ,5.02 ,5.79 ,7.769 ,5.401 ,5.57 ,5.24 
1998.12,4.750 ,5.125 ,4.66 ,5.44 ,7.704 ,4.954 ,5.21 ,5.12 
1999.01,4.750 ,5.125 ,4.66 ,5.44 ,7.701 ,4.848 ,5.20 ,5.02 
1999.02,4.500 ,4.875 ,4.34 ,5.05 ,7.667 ,4.747 ,5.08 ,5.02 
1999.03,4.500 ,4.875 ,4.41 ,5.03 ,7.667 ,4.730 ,4.80 ,5.20 
1999.04,4.500 ,4.875 ,4.42 ,5.02 ,7.667 ,4.723 ,4.85 ,5.61 
1999.05,4.500 ,4.875 ,4.42 ,5.02 ,7.667 ,4.696 ,4.73 ,5.99 
1999.06,4.500 ,4.875 ,4.42 ,5.02 ,7.667 ,4.737 ,4.76 ,6.20 
1999.07,4.500 ,4.875 ,4.42 ,5.02 ,7.667 ,4.835 ,4.85 ,6.17 
1999.08,4.500 ,4.875 ,4.42 ,5.02 ,7.667 ,4.841 ,4.86 ,6.15 
1999.09,4.500 ,4.875 ,4.42 ,5.03 ,7.667 ,4.837 ,4.90 ,6.06 
1999.10,4.500 ,4.875 ,4.42 ,5.03 ,7.667 ,4.817 ,4.88 ,6.16 
1999.11,4.500 ,4.875 ,4.42 ,5.03 ,7.667 ,4.825 ,4.85 ,5.98 
1999.12,4.500 ,4.875 ,4.42 ,5.03 ,7.667 ,4.730 ,4.84 ,6.03 
2000.01,4.500 ,4.875 ,4.42 ,5.01 ,7.667 ,4.614 ,4.79 ,6.06 
2000.02,4.500 ,4.875 ,4.42 ,5.01 ,7.667 ,4.611 ,4.74 ,5.96 
2000.03,4.625 ,5.000 ,4.42 ,5.02 ,7.671 ,4.643 ,4.74 ,6.00 
2000.04,4.625 ,5.000 ,4.41 ,5.02 ,7.671 ,4.645 ,4.78 ,5.87 
2000.05,4.625 ,5.000 ,4.41 ,5.02 ,7.671 ,4.771 ,4.87 ,5.87 
2000.06,4.750 ,5.125 ,4.41 ,5.02 ,7.671 ,4.797 ,4.93 ,5.78 
2000.07,4.750 ,5.125 ,4.41 ,5.02 ,7.671 ,4.785 ,4.90 ,5.57 
2000.08,4.750 ,5.125 ,4.41 ,5.02 ,7.671 ,4.754 ,4.83 ,5.40 
2000.09,4.750 ,5.125 ,4.34 ,4.94 ,7.671 ,4.799 ,4.88 ,5.42 
2000.10,4.750 ,5.125 ,4.34 ,4.94 ,7.671 ,4.758 ,5.03 ,5.34 
2000.11,4.750 ,5.125 ,4.34 ,4.96 ,7.691 ,4.739 ,5.10 ,5.22 
2000.12,4.625 ,5.000 ,4.34 ,5.00 ,7.711 ,4.720 ,5.28 ,5.13 
2001.01,4.625 ,5.000 ,4.34 ,5.00 ,7.711 ,4.655 ,5.00 ,5.13 
2001.02,4.375 ,4.750 ,4.28 ,4.80 ,7.651 ,4.517 ,4.62 ,4.84 
2001.03,4.125 ,4.500 ,4.18 ,4.66 ,7.638 ,4.360 ,4.37 ,4.58 
2001.04,4.000 ,4.375 ,3.88 ,4.27 ,7.613 ,4.227 ,4.22 ,4.59 
2001.05,3.750 ,4.125 ,3.71 ,4.08 ,7.603 ,4.037 ,4.12 ,4.48 
2001.06,3.500 ,3.875 ,3.71 ,4.08 ,7.603 ,3.895 ,3.89 ,3.84 
2001.07,3.500 ,3.875 ,3.50 ,3.87 ,7.595 ,3.686 ,3.75 ,3.50 
2001.08,3.250 ,3.625 ,3.25 ,3.62 ,7.585 ,3.513 ,3.54 ,3.85 
2001.09,2.750 ,3.125 ,2.87 ,3.12 ,7.543 ,3.173 ,3.24 ,3.51 
2001.10,2.500 ,2.875 ,2.54 ,2.80 ,7.523 ,2.727 ,2.65 ,2.98 
2001.11,2.250 ,2.625 ,2.17 ,2.45 ,7.393 ,2.486 ,2.47 ,3.19 
2001.12,2.125 ,2.500 ,2.13 ,2.41 ,7.377 ,2.390 ,2.38 ,3.81 
2002.01,2.125 ,2.500 ,2.01 ,2.30 ,7.325 ,2.299 ,2.36 ,3.52 
2002.02,2.125 ,2.500 ,2.01 ,2.30 ,7.325 ,2.277 ,2.30 ,3.71 
2002.03,2.125 ,2.500 ,2.01 ,2.30 ,7.325 ,2.273 ,2.29 ,4.03 
2002.04,2.125 ,2.500 ,2.05 ,2.36 ,7.325 ,2.265 ,2.27 ,4.12 
2002.05,2.125 ,2.500 ,2.05 ,2.36 ,7.325 ,2.215 ,2.24 ,4.02 
2002.06,1.875 ,2.250 ,1.99 ,2.32 ,7.325 ,2.071 ,2.08 ,3.78 
2002.07,1.875 ,2.250 ,1.73 ,2.11 ,7.225 ,1.937 ,1.85 ,3.50 
2002.08,1.875 ,2.250 ,1.73 ,2.11 ,7.225 ,1.960 ,1.86 ,3.37 
2002.09,1.875 ,2.250 ,1.73 ,2.11 ,7.225 ,1.947 ,1.90 ,3.23 
2002.10,1.875 ,2.250 ,1.73 ,2.11 ,7.225 ,1.933 ,1.91 ,2.99 
2002.11,1.625 ,2.000 ,1.48 ,1.86 ,7.100 ,1.794 ,1.73 ,2.82 
2002.12,1.625 ,2.000 ,1.48 ,1.86 ,7.100 ,1.614 ,1.52 ,2.48 
2003.01,1.625 ,2.000 ,1.17 ,1.54 ,4.080 ,1.302 ,1.37 ,1.96 
2003.02,1.625 ,2.000 ,1.17 ,1.54 ,4.015 ,1.258 ,1.21 ,1.90 
2003.03,1.625 ,2.000 ,1.17 ,1.54 ,3.917 ,1.203 ,1.19 ,1.93 
2003.04,1.625 ,2.000 ,1.17 ,1.54 ,3.664 ,1.188 ,1.16 ,1.91 
2003.05,1.625 ,2.000 ,1.17 ,1.53 ,3.664 ,1.181 ,1.11 ,1.49 
2003.06,1.375 ,1.750 ,1.17 ,1.53 ,3.598 ,1.156 ,1.09 ,1.42 
2003.07,1.375 ,1.750 ,1.05 ,1.40 ,3.550 ,1.027 ,0.85 ,1.81 
2003.08,1.375 ,1.750 ,1.05 ,1.40 ,3.525 ,1.024 ,0.85 ,2.24 
2003.09,1.375 ,1.750 ,1.05 ,1.40 ,3.497 ,1.021 ,0.89 ,2.77 
2003.10,1.375 ,1.750 ,1.05 ,1.40 ,3.435 ,1.024 ,0.88 ,2.78 
2003.11,1.375 ,1.750 ,1.05 ,1.40 ,3.435 ,1.022 ,0.93 ,2.87 
2003.12,1.375 ,1.750 ,1.05 ,1.40 ,3.429 ,1.025 ,1.01 ,2.80 
2004.01,1.375 ,1.750 ,1.05 ,1.40 ,3.429 ,1.008 ,0.96 ,2.62 
2004.02,1.375 ,1.750 ,1.05 ,1.40 ,3.429 ,0.984 ,0.91 ,2.70 
2004.03,1.375 ,1.750 ,1.05 ,1.40 ,3.425 ,0.991 ,0.94 ,2.33 
2004.04,1.375 ,1.750 ,1.05 ,1.40 ,3.413 ,0.972 ,0.92 ,2.39 
2004.05,1.375 ,1.750 ,1.05 ,1.40 ,3.413 ,0.967 ,0.92 ,2.68 
2004.06,1.375 ,1.750 ,1.05 ,1.40 ,3.407 ,1.018 ,0.96 ,2.97 
2004.07,1.375 ,1.750 ,1.05 ,1.40 ,3.406 ,1.024 ,0.96 ,2.85 
2004.08,1.375 ,1.750 ,1.05 ,1.40 ,3.406 ,1.048 ,0.98 ,2.89 
2004.09,1.375 ,1.750 ,1.05 ,1.40 ,3.420 ,1.084 ,1.03 ,2.64 
2004.10,1.625 ,2.000 ,1.15 ,1.52 ,3.478 ,1.142 ,1.11 ,2.70 
2004.11,1.625 ,2.000 ,1.15 ,1.52 ,3.478 ,1.141 ,1.10 ,2.67 
2004.12,1.750 ,2.125 ,1.15 ,1.52 ,3.516 ,1.149 ,1.12 ,2.43 
2005.01,1.750 ,2.125 ,1.22 ,1.59 ,3.571 ,1.202 ,1.18 ,2.44 
2005.02,1.750 ,2.125 ,1.22 ,1.59 ,3.584 ,1.203 ,1.19 ,2.39 
2005.03,1.875 ,2.250 ,1.29 ,1.68 ,3.614 ,1.221 ,1.18 ,2.32 
2005.04,1.875 ,2.250 ,1.29 ,1.69 ,3.657 ,1.267 ,1.21 ,2.24 
2005.05,1.875 ,2.250 ,1.29 ,1.69 ,3.657 ,1.266 ,1.21 ,2.03 
2005.06,1.875 ,2.250 ,1.29 ,1.69 ,3.671 ,1.265 ,1.23 ,1.87 
2005.07,2.000 ,2.375 ,1.36 ,1.79 ,3.714 ,1.324 ,1.27 ,1.99 
2005.08,2.000 ,2.375 ,1.36 ,1.79 ,3.734 ,1.324 ,1.30 ,2.01 
2005.09,2.125 ,2.500 ,1.43 ,1.89 ,3.762 ,1.365 ,1.34 ,1.75 
2005.10,2.125 ,2.500 ,1.43 ,1.89 ,3.810 ,1.388 ,1.36 ,1.83 
2005.11,2.125 ,2.500 ,1.43 ,1.89 ,3.810 ,1.387 ,1.39 ,1.85 
2005.12,2.250 ,2.625 ,1.50 ,1.99 ,3.845 ,1.406 ,1.40 ,1.84 
2006.01,2.250 ,2.625 ,1.50 ,1.99 ,3.866 ,1.446 ,1.43 ,1.73 
2006.02,2.250 ,2.625 ,1.50 ,1.99 ,3.886 ,1.449 ,1.44 ,1.80 
2006.03,2.375 ,2.750 ,1.50 ,1.99 ,3.896 ,1.450 ,1.44 ,1.82 
2006.04,2.375 ,2.750 ,1.57 ,2.06 ,3.947 ,1.516 ,1.48 ,1.93 
2006.05,2.375 ,2.750 ,1.57 ,2.06 ,3.947 ,1.517 ,1.50 ,2.23 
2006.06,2.500 ,2.875 ,1.57 ,2.06 ,3.964 ,1.533 ,1.53 ,2.17 
2006.07,2.500 ,2.875 ,1.64 ,2.13 ,4.012 ,1.586 ,1.55 ,2.15 
2006.08,2.500 ,2.875 ,1.64 ,2.13 ,4.026 ,1.587 ,1.56 ,2.06 
2006.09,2.625 ,3.000 ,1.64 ,2.13 ,4.042 ,1.595 ,1.58 ,1.96 
2006.10,2.625 ,3.000 ,1.71 ,2.20 ,4.103 ,1.658 ,1.62 ,2.00 
2006.11,2.625 ,3.000 ,1.71 ,2.20 ,4.103 ,1.663 ,1.65 ,1.96 
2006.12,2.750 ,3.125 ,1.71 ,2.20 ,4.115 ,1.661 ,1.66 ,1.99 
2007.01,2.750 ,3.125 ,1.74 ,2.23 ,3.957 ,1.689 ,1.67 ,1.99 
2007.02,2.750 ,3.125 ,1.74 ,2.23 ,3.969 ,1.691 ,1.66 ,1.98 
2007.03,2.875 ,3.250 ,1.74 ,2.23 ,3.977 ,1.703 ,1.69 ,1.96 
2007.04,2.875 ,3.250 ,1.77 ,2.26 ,3.996 ,1.725 ,1.72 ,2.02 
2007.05,2.875 ,3.250 ,1.77 ,2.26 ,4.002 ,2.132 ,1.82 ,2.11 
2007.06,3.125 ,3.500 ,1.97 ,2.47 ,4.056 ,2.496 ,2.25 ,2.43 
2007.07,3.125 ,3.500 ,1.97 ,2.47 ,4.227 ,2.006 ,1.97 ,2.58 
2007.08,3.125 ,3.500 ,1.97 ,2.47 ,4.307 ,2.007 ,1.99 ,2.46 
2007.09,3.250 ,3.625 ,2.03 ,2.54 ,4.331 ,2.019 ,1.99 ,2.45 
2007.10,3.250 ,3.625 ,2.03 ,2.54 ,4.303 ,2.038 ,2.02 ,2.69 
2007.11,3.250 ,3.625 ,2.03 ,2.54 ,4.319 ,2.038 ,2.04 ,2.63 
2007.12,3.375 ,3.750 ,2.09 ,2.62 ,4.313 ,2.054 ,2.03 ,2.53 
2008.01,3.375 ,3.750 ,2.09 ,2.62 ,4.326 ,2.088 ,2.05 ,2.50 
2008.02,3.375 ,3.750 ,2.09 ,2.62 ,4.342 ,2.082 ,2.01 ,2.38 
2008.03,3.500 ,3.875 ,2.09 ,2.62 ,4.350 ,2.084 ,2.04 ,2.44 
2008.04,3.500 ,3.875 ,2.13 ,2.66 ,4.392 ,2.105 ,2.04 ,2.48 
2008.05,3.500 ,3.875 ,2.13 ,2.66 ,4.392 ,2.101 ,2.03 ,2.54 
2008.06,3.625 ,4.000 ,2.15 ,2.67 ,4.396 ,2.105 ,2.06 ,2.71 
2008.07,3.625 ,4.000 ,2.19 ,2.72 ,4.404 ,2.166 ,2.07 ,2.60 
2008.08,3.625 ,4.000 ,2.19 ,2.72 ,4.416 ,2.158 ,2.06 ,2.52 
2008.09,3.500 ,3.875 ,2.17 ,2.70 ,4.438 ,2.092 ,2.03 ,2.09 
2008.10,3.000 ,3.375 ,1.98 ,2.50 ,4.443 ,1.926 ,1.97 ,2.05 
2008.11,2.750 ,3.125 ,1.66 ,2.17 ,4.295 ,1.410 ,1.64 ,1.70 
2008.12,2.000 ,2.375 ,0.91 ,1.42 ,4.205 ,0.872 ,1.07 ,1.44 
2009.01,1.500 ,1.875 ,0.41 ,0.92 ,3.910 ,0.233 ,0.44 ,1.47 
2009.02,1.250 ,1.625 ,0.35 ,0.77 ,3.162 ,0.143 ,0.34 ,1.53 
2009.03,1.250 ,1.625 ,0.35 ,0.77 ,3.162 ,0.137 ,0.19 ,1.52 
2009.04,1.250 ,1.625 ,0.35 ,0.77 ,2.659 ,0.131 ,0.18 ,1.55 
2009.05,1.250 ,1.625 ,0.35 ,0.77 ,2.639 ,0.097 ,0.16 ,1.61 
2009.06,1.250 ,1.625 ,0.35 ,0.77 ,2.639 ,0.097 ,0.16 ,1.63 
2009.07,1.250 ,1.625 ,0.35 ,0.77 ,2.615 ,0.100 ,0.16 ,1.57 
2009.08,1.250 ,1.625 ,0.35 ,0.77 ,2.615 ,0.101 ,0.22 ,1.47 
2009.09,1.250 ,1.625 ,0.35 ,0.77 ,2.615 ,0.100 ,0.24 ,1.46 
2009.10,1.250 ,1.625 ,0.47 ,0.89 ,2.611 ,0.101 ,0.22 ,1.38 
2009.11,1.250 ,1.625 ,0.47 ,0.89 ,2.579 ,0.104 ,0.24 ,1.46 
2009.12,1.250 ,1.625 ,0.47 ,0.89 ,2.563 ,0.106 ,0.27 ,1.47 
2010.01,1.250 ,1.625 ,0.47 ,0.89 ,2.564 ,0.108 ,0.30 ,1.51 
2010.02,1.250 ,1.625 ,0.47 ,0.89 ,2.564 ,0.104 ,0.27 ,1.41 
2010.03,1.250 ,1.625 ,0.47 ,0.89 ,2.564 ,0.130 ,0.33 ,1.43 
2010.04,1.250 ,1.625 ,0.47 ,0.89 ,2.568 ,0.164 ,0.35 ,1.44 
2010.05,1.250 ,1.625 ,0.47 ,0.89 ,2.568 ,0.174 ,0.33 ,1.36 
2010.06,1.375 ,1.750 ,0.58 ,1.02 ,2.568 ,0.183 ,0.35 ,1.44 
2010.07,1.375 ,1.750 ,0.58 ,1.02 ,2.592 ,0.196 ,0.39 ,1.40 
2010.08,1.375 ,1.750 ,0.58 ,1.02 ,2.628 ,0.203 ,0.39 ,1.24 
2010.09,1.375 ,1.750 ,0.58 ,1.02 ,2.628 ,0.210 ,0.42 ,1.21 
2010.10,1.500 ,1.875 ,0.67 ,1.13 ,2.648 ,0.226 ,0.45 ,1.19 
2010.11,1.500 ,1.875 ,0.67 ,1.13 ,2.672 ,0.231 ,0.46 ,1.39 
2010.12,1.625 ,2.000 ,0.67 ,1.13 ,2.676 ,0.239 ,0.49 ,1.47 
2011.01,1.625 ,2.000 ,0.75 ,1.19 ,2.688 ,0.257 ,0.55 ,1.45 
2011.02,1.625 ,2.000 ,0.75 ,1.19 ,2.718 ,0.262 ,0.54 ,1.40 
2011.03,1.625 ,2.000 ,0.75 ,1.19 ,2.718 ,0.274 ,0.59 ,1.38 
2011.04,1.750 ,2.125 ,0.82 ,1.28 ,2.730 ,0.296 ,0.65 ,1.36 
2011.05,1.750 ,2.125 ,0.82 ,1.28 ,2.766 ,0.319 ,0.68 ,1.44 
2011.06,1.750 ,2.125 ,0.82 ,1.28 ,2.784 ,0.344 ,0.71 ,1.49 
2011.07,1.875 ,2.250 ,0.88 ,1.36 ,2.807 ,0.375 ,0.73 ,1.51 
2011.08,1.875 ,2.250 ,0.88 ,1.36 ,2.855 ,0.388 ,0.77 ,1.40 
2011.09,1.875 ,2.250 ,0.88 ,1.36 ,2.855 ,0.394 ,0.80 ,1.26 
2011.10,1.875 ,2.250 ,0.88 ,1.36 ,2.882 ,0.395 ,0.82 ,1.29 
2011.11,1.875 ,2.250 ,0.88 ,1.36 ,2.882 ,0.396 ,0.81 ,1.32 
2011.12,1.875 ,2.250 ,0.88 ,1.36 ,2.882 ,0.400 ,0.79 ,1.27 
2012.01,1.875 ,2.250 ,0.88 ,1.36 ,2.887 ,0.403 ,0.79 ,1.29 
2012.02,1.875 ,2.250 ,0.88 ,1.36 ,2.887 ,0.399 ,0.79 ,1.27 
2012.03,1.875 ,2.250 ,0.88 ,1.36 ,2.887 ,0.402 ,0.79 ,1.27 
2012.04,1.875 ,2.250 ,0.88 ,1.36 ,2.887 ,0.476 ,0.79 ,1.28 
2012.05,1.875 ,2.250 ,0.88 ,1.36 ,2.887 ,0.512 ,0.81 ,1.23 
2012.06,1.875 ,2.250 ,0.88 ,1.36 ,2.887 ,0.513 ,0.82 ,1.20 
2012.07,1.875 ,2.250 ,0.88 ,1.36 ,2.927 ,0.445 ,0.80 ,1.18 
2012.08,1.875 ,2.250 ,0.88 ,1.36 ,2.923 ,0.388 ,0.80 ,1.18 
2012.09,1.875 ,2.250 ,0.88 ,1.36 ,2.915 ,0.389 ,0.79 ,1.18 
2012.10,1.875 ,2.250 ,0.88 ,1.36 ,2.891 ,0.388 ,0.78 ,1.14 
2012.11,1.875 ,2.250 ,0.88 ,1.36 ,2.883 ,0.386 ,0.77 ,1.13 
2012.12,1.875 ,2.250 ,0.88 ,1.36 ,2.883 ,0.388 ,0.76 ,1.15 
2013.01,1.875 ,2.250 ,0.88 ,1.36 ,2.883 ,0.387 ,0.75 ,1.17 
2013.02,1.875 ,2.250 ,0.88 ,1.36 ,2.883 ,0.387 ,0.73 ,1.21 
2013.03,1.875 ,2.250 ,0.88 ,1.36 ,2.883 ,0.387 ,0.72 ,1.27 
2013.04,1.875 ,2.250 ,0.88 ,1.36 ,2.883 ,0.386 ,0.71 ,1.25 
2013.05,1.875 ,2.250 ,0.88 ,1.36 ,2.883 ,0.386 ,0.70 ,1.25 
2013.06,1.875 ,2.250 ,0.88 ,1.36 ,2.883 ,0.386 ,0.70 ,1.40 
2013.07,1.875 ,2.250 ,0.88 ,1.36 ,2.882 ,0.386 ,0.70 ,1.49 
2013.08,1.875 ,2.250 ,0.88 ,1.36 ,2.882 ,0.386 ,0.68 ,1.68 
2013.09,1.875 ,2.250 ,0.88 ,1.36 ,2.882 ,0.386 ,0.67 ,1.72 
2013.10,1.875 ,2.250 ,0.88 ,1.36 ,2.882 ,0.387 ,0.66 ,1.65 
2013.11,1.875 ,2.250 ,0.88 ,1.36 ,2.882 ,0.386 ,0.64 ,1.70 
2013.12,1.875 ,2.250 ,0.88 ,1.36 ,2.882 ,0.387 ,0.64 ,1.69 
2014.01,1.875 ,2.250 ,0.88 ,1.36 ,2.883 ,0.388 ,0.63 ,1.66 
2014.02,1.875 ,2.250 ,0.88 ,1.36 ,2.883 ,0.387 ,0.63 ,1.60 
2014.03,1.875 ,2.250 ,0.88 ,1.36 ,2.883 ,0.387 ,0.61 ,1.59 
2014.04,1.875 ,2.250 ,0.88 ,1.36 ,2.883 ,0.387 ,0.59 ,1.57 
2014.05,1.875 ,2.250 ,0.88 ,1.36 ,2.883 ,0.388 ,0.59 ,1.50 
2014.06,1.875 ,2.250 ,0.88 ,1.36 ,2.883 ,0.387 ,0.62 ,1.56 
2014.07,1.875 ,2.250 ,0.88 ,1.36 ,2.883 ,0.387 ,0.61 ,1.62 
2014.08,1.875 ,2.250 ,0.88 ,1.36 ,2.883 ,0.386 ,0.62 ,1.58 
2014.09,1.875 ,2.250 ,0.88 ,1.36 ,2.883 ,0.387 ,0.64 ,1.72 
2014.10,1.875 ,2.250 ,0.88 ,1.36 ,2.883 ,0.387 ,0.60 ,1.63 
2014.11,1.875 ,2.250 ,0.88 ,1.36 ,2.883 ,0.387 ,0.63 ,1.62 
2014.12,1.875 ,2.250 ,0.88 ,1.36 ,2.883 ,0.387 ,0.68 ,1.60 
2015.01,1.875 ,2.250 ,0.88 ,1.36 ,2.883 ,0.387 ,0.64 ,1.52 
2015.02,1.875 ,2.250 ,0.88 ,1.36 ,2.883 ,0.388 ,0.64 ,1.54 
2015.03,1.875 ,2.250 ,0.88 ,1.36 ,2.883 ,0.387 ,0.63 ,1.61 
2015.04,1.875 ,2.250 ,0.88 ,1.36 ,2.883 ,0.387 ,0.65 ,1.54 
2015.05,1.875 ,2.250 ,0.88 ,1.36 ,2.883 ,0.387 ,0.64 ,1.57 
2015.06,1.875 ,2.250 ,0.88 ,1.36 ,2.883 ,0.387 ,0.61 ,1.52 
2015.07,1.875 ,2.250 ,0.88 ,1.36 ,2.883 ,0.387 ,0.62 ,1.48 
2015.08,1.875 ,2.250 ,0.88 ,1.36 ,2.883 ,0.367 ,0.58 ,1.23 
2015.09,1.750 ,2.125 ,0.81 ,1.28 ,2.883 ,0.320 ,0.53 ,1.18 
2015.10,1.750 ,2.125 ,0.81 ,1.28 ,2.857 ,0.301 ,0.49 ,1.17 
2015.11,1.750 ,2.125 ,0.81 ,1.28 ,2.829 ,0.301 ,0.45 ,1.17 
2015.12,1.625 ,2.000 ,0.74 ,1.21 ,2.829 ,0.275 ,0.43 ,1.11 
2016.01,1.625 ,2.000 ,0.74 ,1.21 ,2.802 ,0.233 ,0.40 ,1.01 
2016.02,1.625 ,2.000 ,0.74 ,1.21 ,2.760 ,0.202 ,0.41 ,0.86 
2016.03,1.500 ,1.875 ,0.67 ,1.13 ,2.760 ,0.201 ,0.39 ,0.82 
2016.04,1.500 ,1.875 ,0.67 ,1.13 ,2.714 ,0.201 ,0.36 ,0.86 
2016.05,1.500 ,1.875 ,0.67 ,1.13 ,2.686 ,0.201 ,0.38 ,0.83 
2016.06,1.500 ,1.875 ,0.67 ,1.13 ,2.686 ,0.201 ,0.40 ,0.78 
2016.07,1.375 ,1.750 ,0.60 ,1.04 ,2.681 ,0.178 ,0.35 ,0.68 
2016.08,1.375 ,1.750 ,0.60 ,1.04 ,2.639 ,0.178 ,0.34 ,0.66 
2016.09,1.375 ,1.750 ,0.60 ,1.04 ,2.639 ,0.184 ,0.35 ,0.70 
2016.10,1.375 ,1.750 ,0.60 ,1.04 ,2.631 ,0.178 ,0.37 ,0.93 
2016.11,1.375 ,1.750 ,0.60 ,1.04 ,2.631 ,0.183 ,0.39 ,1.10 
2016.12,1.375 ,1.750 ,0.60 ,1.04 ,2.631 ,0.174 ,0.56 ,1.17 
2017.01,1.375 ,1.750 ,0.60 ,1.04 ,2.631 ,0.173 ,0.47 ,1.14 
2017.02,1.375 ,1.750 ,0.60 ,1.04 ,2.631 ,0.177 ,0.44 ,1.12 
2017.03,1.375 ,1.750 ,0.60 ,1.04 ,2.631 ,0.176 ,0.48 ,1.15 
2017.04,1.375 ,1.750 ,0.60 ,1.04 ,2.630 ,0.175 ,0.45 ,1.07 
2017.05,1.375 ,1.750 ,0.60 ,1.04 ,2.630 ,0.172 ,0.39 ,1.08 
2017.06,1.375 ,1.750 ,0.60 ,1.04 ,2.630 ,0.183 ,0.42 ,1.04 
2017.07,1.375 ,1.750 ,0.60 ,1.04 ,2.631 ,0.184 ,0.44 ,1.08 
2017.08,1.375 ,1.750 ,0.60 ,1.04 ,2.631 ,0.180 ,0.41 ,1.03 
2017.09,1.375 ,1.750 ,0.60 ,1.04 ,2.631 ,0.184 ,0.42 ,1.00 
2017.10,1.375 ,1.750 ,0.60 ,1.04 ,2.632 ,0.181 ,0.46 ,1.05 
2017.11,1.375 ,1.750 ,0.60 ,1.04 ,2.632 ,0.177 ,0.42 ,1.01 
2017.12,1.375 ,1.750 ,0.60 ,1.04 ,2.632 ,0.179 ,0.43 ,0.97 
2018.01,1.375 ,1.750 ,0.60 ,1.04 ,2.631 ,0.180 ,0.44 ,1.03 
2018.02,1.375 ,1.750 ,0.60 ,1.04 ,2.631 ,0.181 ,0.46 ,1.04 
2018.03,1.375 ,1.750 ,0.60 ,1.04 ,2.631 ,0.180 ,0.43 ,1.00 
2018.04,1.375 ,1.750 ,0.60 ,1.04 ,2.631 ,0.184 ,0.43 ,1.02 
2018.05,1.375 ,1.750 ,0.60 ,1.04 ,2.631 ,0.186 ,0.41 ,1.01 
2018.06,1.375 ,1.750 ,0.60 ,1.04 ,2.631 ,0.192 ,0.47 ,0.96 
2018.07,1.375 ,1.750 ,0.60 ,1.04 ,2.635 ,0.188 ,0.47 ,0.87 
2018.08,1.375 ,1.750 ,0.60 ,1.04 ,2.635 ,0.178 ,0.52 ,0.83 
2018.09,1.375 ,1.750 ,0.60 ,1.04 ,2.635 ,0.178 ,0.52 ,0.84 
2018.10,1.375 ,1.750 ,0.60 ,1.04 ,2.631 ,0.183 ,0.51 ,0.90 
2018.11,1.375 ,1.750 ,0.60 ,1.04 ,2.631 ,0.179 ,0.55 ,0.92 
2018.12,1.375 ,1.750 ,0.60 ,1.04 ,2.631 ,0.183 ,0.62 ,0.90 
2019.01,1.375 ,1.750 ,0.60 ,1.04 ,2.632 ,0.179 ,0.57 ,0.86 
2019.02,1.375 ,1.750 ,0.60 ,1.04 ,2.632 ,0.180 ,0.55 ,0.82 
2019.03,1.375 ,1.750 ,0.60 ,1.04 ,2.632 ,0.178 ,0.52 ,0.77 
2019.04,1.375 ,1.750 ,0.60 ,1.04 ,2.631 ,0.189 ,0.49 ,0.75 
2019.05,1.375 ,1.750 ,0.60 ,1.04 ,2.631 ,0.188 ,0.49 ,0.72 
2019.06,1.375 ,1.750 ,0.60 ,1.04 ,2.631 ,0.202 ,0.62 ,0.70 
2019.07,1.375 ,1.750 ,0.60 ,1.04 ,2.636 ,0.185 ,0.56 ,0.67 
2019.08,1.375 ,1.750 ,0.60 ,1.04 ,2.636 ,0.180 ,0.57 ,0.65 
2019.09,1.375 ,1.750 ,0.60 ,1.04 ,2.636 ,0.177 ,0.57 ,0.68 
2019.10,1.375 ,1.750 ,0.60 ,1.04 ,2.631 ,0.177 ,0.57 ,0.70 
2019.11,1.375 ,1.750 ,0.60 ,1.04 ,2.631 ,0.176 ,0.54 ,0.69 
2019.12,1.375 ,1.750 ,0.60 ,1.04 ,2.631 ,0.177 ,0.57 ,0.68 
2020.01,1.375 ,1.750 ,0.60 ,1.04 ,2.631 ,0.180 ,0.54 ,0.63 
2020.02,1.375 ,1.750 ,0.60 ,1.04 ,2.631 ,0.178 ,0.56 ,0.57 
2020.03,1.125 ,1.500 ,0.35 ,0.77 ,2.631 ,0.144 ,0.51 ,0.53 
2020.04,1.125 ,1.500 ,0.35 ,0.77 ,2.577 ,0.079 ,0.48 ,0.48 
2020.05,1.125 ,1.500 ,0.35 ,0.77 ,2.477 ,0.079 ,0.37 ,0.47 
2020.06,1.125 ,1.500 ,0.35 ,0.77 ,2.477 ,0.082 ,0.36 ,0.46 
2020.07,1.125 ,1.500 ,0.35 ,0.77 ,2.441 ,0.083 ,0.35 ,0.43 
2020.08,1.125 ,1.500 ,0.35 ,0.77 ,2.441 ,0.082 ,0.33 ,0.39 
2020.09,1.125 ,1.500 ,0.35 ,0.77 ,2.441 ,0.082 ,0.31 ,0.41 
2020.10,1.125 ,1.500 ,0.35 ,0.77 ,2.442 ,0.082 ,0.30 ,0.35 
2020.11,1.125 ,1.500 ,0.35 ,0.77 ,2.442 ,0.080 ,0.27 ,0.26 
2020.12,1.125 ,1.500 ,0.35 ,0.77 ,2.442 ,0.080 ,0.24 ,0.31 
2021.01,1.125 ,1.500 ,0.35 ,0.77 ,2.441 ,0.079 ,0.24 ,0.32 
2021.02,1.125 ,1.500 ,0.35 ,0.77 ,2.441 ,0.080 ,0.23 ,0.38 
2021.03,1.125 ,1.500 ,0.35 ,0.77 ,2.441 ,0.080 ,0.23 ,0.41 
2021.04,1.125 ,1.500 ,0.35 ,0.77 ,2.441 ,0.080 ,0.22 ,0.40 
2021.05,1.125 ,1.500 ,0.35 ,0.77 ,2.441 ,0.080 ,0.22 ,0.41 
2021.06,1.125 ,1.500 ,0.35 ,0.77 ,2.441 ,0.081 ,0.24 ,0.43 
2021.07,1.125 ,1.500 ,0.35 ,0.77 ,2.441 ,0.082 ,0.24 ,0.40 
2021.08,1.125 ,1.500 ,0.35 ,0.77 ,2.441 ,0.081 ,0.24 ,0.41 
2021.09,1.125 ,1.500 ,0.35 ,0.77 ,2.441 ,0.086 ,0.25 ,0.43 
2021.10,1.125 ,1.500 ,0.35 ,0.77 ,2.442 ,0.083 ,0.30 ,0.50 
2021.11,1.125 ,1.500 ,0.35 ,0.77 ,2.442 ,0.082 ,0.31 ,0.57 
2021.12,1.125 ,1.500 ,0.35 ,0.77 ,2.442 ,0.083 ,0.36 ,0.64 
2022.01,1.125 ,1.500 ,0.35 ,0.77 ,2.442 ,0.085 ,0.34 ,0.77 
2022.02,1.125 ,1.500 ,0.35 ,0.77 ,2.442 ,0.081 ,0.36 ,0.72 
2022.03,1.375 ,1.750 ,0.60 ,1.04 ,2.442 ,0.122 ,0.41 ,0.82 
2022.04,1.375 ,1.750 ,0.60 ,1.04 ,2.498 ,0.185 ,0.60 ,1.26 
2022.05,1.375 ,1.750 ,0.60 ,1.04 ,2.598 ,0.181 ,0.62 ,1.36 
2022.06,1.500 ,1.875 ,0.73 ,1.19 ,2.598 ,0.252 ,0.75 ,1.27 
2022.07,1.500 ,1.875 ,0.73 ,1.19 ,2.642 ,0.311 ,0.84 ,1.19 
2022.08,1.500 ,1.875 ,0.73 ,1.19 ,2.718 ,0.306 ,1.03 ,1.19 
2022.09,1.625 ,2.000 ,0.85 ,1.33 ,2.718 ,0.339 ,1.13 ,1.41 
2022.10,1.625 ,2.000 ,0.85 ,1.33 ,2.788 ,0.435 ,1.19 ,1.79 
2022.11,1.625 ,2.000 ,0.85 ,1.33 ,2.837 ,0.433 ,1.26 ,1.62 
2022.12,1.750 ,2.125 ,0.98 ,1.45 ,2.837 ,0.507 ,1.26 ,1.28 
2023.01,1.750 ,2.125 ,0.98 ,1.45 ,2.893 ,0.560 ,1.24 ,1.24 
2023.02,1.750 ,2.125 ,0.98 ,1.45 ,2.969 ,0.556 ,1.22 ,1.21 
2023.03,1.875 ,2.250 ,1.10 ,1.58 ,2.969 ,0.598 ,1.24 ,1.20 
2023.04,1.875 ,2.250 ,1.10 ,1.58 ,3.039 ,0.681 ,1.26 ,1.20 
2023.05,1.875 ,2.250 ,1.10 ,1.58 ,3.089 ,0.683 ,1.24 ,1.17 
2023.06,1.875 ,2.250 ,1.10 ,1.58 ,3.089 ,0.686 ,1.34 ,1.17 
2023.07,1.875 ,2.250 ,1.10 ,1.58 ,3.133 ,0.681 ,1.35 ,1.16 
2023.08,1.875 ,2.250 ,1.10 ,1.58 ,3.133 ,0.683 ,1.31 ,1.19 
2023.09,1.875 ,2.250 ,1.10 ,1.58 ,3.133 ,0.687 ,1.32 ,1.24 
2023.10,1.875 ,2.250 ,1.10 ,1.58 ,3.133 ,0.691 ,1.36 ,1.31 
2023.11,1.875 ,2.250 ,1.10 ,1.58 ,3.133 ,0.688 ,1.37 ,1.29 
2023.12,1.875 ,2.250 ,1.10 ,1.58 ,3.133 ,0.686 ,1.37 ,1.22 
2024.01,1.875 ,2.250 ,1.10 ,1.58 ,3.136 ,0.687 ,1.33 ,1.23 
2024.02,1.875 ,2.250 ,1.10 ,1.58 ,3.136 ,0.693 ,1.35 ,1.23 
2024.03,2.000 ,2.375 ,1.23 ,1.70 ,3.136 ,0.739 ,1.44 ,1.38 
2024.04,2.000 ,2.375 ,1.23 ,1.70 ,3.169 ,0.812 ,1.55 ,1.63 
2024.05,2.000 ,2.375 ,1.23 ,1.70 ,3.220 ,0.815 ,1.54 ,1.62 
2024.06,2.000 ,2.375 ,1.23 ,1.70 ,3.220 ,0.819 ,1.70 ,1.68 
2024.07,2.000 ,2.375 ,1.23 ,1.70 ,3.263 ,0.820 ,1.65 ,1.64 
2024.08,2.000 ,2.375 ,1.23 ,1.70 ,3.263 ,0.820 ,1.62 ,1.56 
2024.09,2.000 ,2.375 ,1.23 ,1.70 ,3.263 ,0.820 ,1.61 ,1.44 
2024.10,2.000 ,2.375 ,1.23 ,1.70 ,3.264 ,0.823 ,1.63 ,1.52 
2024.11,2.000 ,2.375 ,1.23 ,1.70 ,3.264 ,0.821 ,1.66 ,1.54 
2024.12,2.000 ,2.375 ,1.23 ,1.70 ,3.264 ,0.820 ,1.75 ,1.60 
2025.01,2.000 ,2.375 ,1.23 ,1.70 ,3.265 ,0.820 ,1.64 ,1.67 
2025.02,2.000 ,2.375 ,1.23 ,1.70 ,3.265 ,0.820 ,1.65 ,1.60 
2025.03,2.000 ,2.375 ,1.23 ,1.70 ,3.265 ,0.821 ,1.60 ,1.64 
2025.04,2.000 ,2.375 ,1.23 ,1.70 ,3.264 ,0.818 ,1.57 ,1.60 
2025.05,2.000 ,2.375 ,1.23 ,1.70 ,3.264 ,0.820 ,1.52 ,1.57 
2025.06,2.000 ,2.375 ,1.23 ,1.70 ,3.264 ,0.823 ,1.49 ,1.52 
2025.07,2.000 ,2.375 ,1.23 ,1.70 ,3.264 ,0.824 ,1.45 ,1.41 
2025.08,2.000 ,2.375 ,1.23 ,1.70 ,3.264 ,0.823 ,1.45 ,1.39 
2025.09,2.000 ,2.375 ,1.23 ,1.70 ,3.264 ,0.821 ,1.44 ,1.37 
2025.10,2.000 ,2.375 ,1.23 ,1.70 ,3.265 ,0.822 ,1.48 ,1.27 
2025.11,2.000 ,2.375 ,1.23 ,1.70 ,3.265 ,0.823 ,1.49 ,1.30 
2025.12,2.000 ,2.375 ,1.23 ,1.70 ,3.265 ,0.811 ,1.51 ,1.34 
2026.01,2.000 ,2.375 ,1.23 ,1.70 ,3.264 ,0.815 ,1.54 ,1.41 
2026.02,2.000 ,2.375 ,1.23 ,1.70 ,3.264 ,0.819 ,1.58 ,1.42 
2026.03,2.000 ,2.375 ,1.23 ,1.70 ,3.264 ,0.823 ,1.61 ,1.51 
2026.04,2.000 ,2.375 ,1.23 ,1.70 ,3.264 ,0.823 ,1.62 ,1.50 
,,,,,,,,
"(1) Prior to Jan.2003,the figures represent prime lending rates.",,,,,,,,