date,contract,contract month(Week),open,high,low,last,Change,%,Volume,settlement_price,open_interest,best_bid,best_ask,historical_high,historical_low,trading_halt,Trading Session,Volume(executions among spread order and single order only)
2025/03/19,TX,202503  ,22238,22247,21935,21964,-263,-1.18%,35128,0,12488,21964,21965,24435,18886,,Regular,,
2025/03/19,TX,202503  ,22270,22335,22094,22147,-80,-0.36%,41948,-,-,22145,22161,24435,18886,,After-Hours,,
2025/03/19,TX,202504  ,22244,22262,21977,22034,-215,-0.97%,45036,22018,72749,22029,22034,23867,21671,,Regular,,
2025/03/19,TX,202504  ,22261,22343,22105,22161,-88,-0.40%,9695,-,-,22158,22176,23867,21671,,After-Hours,,
2025/03/19,TX,202505  ,22270,22273,22013,22064,-196,-0.88%,232,22060,553,22059,22067,23821,21718,,Regular,,
2025/03/19,TX,202505  ,22298,22358,22135,22252,-8,-0.04%,84,-,-,22177,22202,23821,21718,,After-Hours,,
2025/03/19,TX,202506  ,22327,22327,22020,22062,-182,-0.82%,82,22062,643,22063,22072,24547,19133,,Regular,,
2025/03/19,TX,202506  ,22300,22349,22148,22215,-29,-0.13%,31,-,-,22163,22201,24547,19133,,After-Hours,,
2025/03/19,TX,202509  ,22007,22007,21805,21851,-138,-0.63%,32,21851,704,21845,21856,23902,21377,,Regular,,
2025/03/19,TX,202509  ,21985,21985,21902,21980,-9,-0.04%,5,-,-,21925,21990,23902,21377,,After-Hours,,
2025/03/19,TX,202512  ,21925,21925,21844,21886,-139,-0.63%,14,21886,216,21869,21890,24048,21668,,Regular,,
2025/03/19,TX,202512  ,22050,22050,21939,22017,-8,-0.04%,11,-,-,21958,22009,24048,21668,,After-Hours,,
2025/03/20,TX,202504  ,22236,22417,22202,22365,347,1.58%,62082,22365,75891,22364,22365,23867,21671,,Regular,,
2025/03/20,TX,202504  ,22019,22280,21968,22170,152,0.69%,46665,-,-,22168,22171,23867,21671,,After-Hours,,
2025/03/20,TX,202505  ,22267,22430,22220,22384,324,1.47%,512,22383,641,22380,22384,23821,21718,,Regular,,
2025/03/20,TX,202505  ,22054,22280,21999,22180,120,0.54%,484,-,-,22181,22189,23821,21718,,After-Hours,,
2025/03/20,TX,202506  ,22299,22412,22239,22395,333,1.51%,82,22377,643,22375,22380,24547,19133,,Regular,,
2025/03/20,TX,202506  ,22036,22275,22000,22190,128,0.58%,77,-,-,22180,22188,24547,19133,,After-Hours,,
2025/03/20,TX,202509  ,22120,22179,22041,22165,314,1.44%,32,22138,719,22137,22140,23902,21377,,Regular,,
2025/03/20,TX,202509  ,21831,21983,21787,21983,132,0.60%,8,-,-,21950,21967,23902,21377,,After-Hours,,
2025/03/20,TX,202512  ,22024,22184,22024,22153,267,1.22%,41,22153,235,22142,22153,24048,21668,,Regular,,
2025/03/20,TX,202512  ,21874,22032,21874,22032,146,0.67%,4,-,-,21973,21991,24048,21668,,After-Hours,,
2025/03/20,TX,202603  ,22117,22263,22111,22263,386,1.76%,80,22191,64,22169,22214,22263,22111,,Regular,,
2025/03/21,TX,202504  ,22323,22377,22173,22177,-188,-0.84%,59593,22181,74124,22177,22178,23867,21671,,Regular,,
2025/03/21,TX,202504  ,22365,22381,22168,22300,-65,-0.29%,56234,-,-,22300,22304,23867,21671,,After-Hours,,
2025/03/21,TX,202505  ,22347,22393,22200,22201,-182,-0.81%,566,22204,720,22200,22203,23821,21718,,Regular,,
2025/03/21,TX,202505  ,22385,22394,22196,22320,-63,-0.28%,617,-,-,22319,22327,23821,21718,,After-Hours,,
2025/03/21,TX,202506  ,22318,22377,22197,22197,-180,-0.80%,66,22197,591,22194,22197,24547,19133,,Regular,,
2025/03/21,TX,202506  ,22380,22380,22190,22318,-59,-0.26%,115,-,-,22313,22322,24547,19133,,After-Hours,,
2025/03/21,TX,202509  ,22040,22086,21952,21952,-186,-0.84%,19,21952,729,21940,21947,23902,21377,,Regular,,
2025/03/21,TX,202509  ,22139,22139,21988,22108,-30,-0.14%,16,-,-,22070,22081,23902,21377,,After-Hours,,
2025/03/21,TX,202512  ,22120,22120,21956,21956,-197,-0.89%,10,21956,249,21945,21957,24048,21668,,Regular,,
2025/03/21,TX,202512  ,22140,22140,22000,22078,-75,-0.34%,18,-,-,22076,22087,24048,21668,,After-Hours,,
2025/03/21,TX,202603  ,22177,22202,21958,21973,-218,-0.98%,19,21973,71,21957,21997,22263,21958,,Regular,,
2025/03/21,TX,202603  ,22208,22208,22130,22135,-56,-0.25%,12,-,-,22135,22151,22263,22111,,After-Hours,,
2025/03/24,TX,202504  ,22302,22399,22124,22160,-21,-0.09%,53681,22151,73844,22156,22159,23867,21671,,Regular,,
2025/03/24,TX,202504  ,22185,22212,22017,22201,20,0.09%,49387,-,-,22197,22201,23867,21671,,After-Hours,,
2025/03/24,TX,202505  ,22316,22418,22150,22170,-34,-0.15%,481,22181,842,22178,22184,23821,21718,,Regular,,
2025/03/24,TX,202505  ,22219,22230,22050,22223,19,0.09%,545,-,-,22218,22225,23821,21718,,After-Hours,,
2025/03/24,TX,202506  ,22318,22409,22147,22150,-47,-0.21%,52,22173,546,22170,22177,24547,19133,,Regular,,
2025/03/24,TX,202506  ,22197,22214,22038,22202,5,0.02%,90,-,-,22211,22219,24547,19133,,After-Hours,,
2025/03/24,TX,202509  ,-,-,-,-,-,-,0,21915,731,21912,21919,23902,21377,,Regular,,
2025/03/24,TX,202509  ,21885,21958,21801,21928,-24,-0.11%,23,-,-,21950,21965,23902,21377,,After-Hours,,
2025/03/24,TX,202512  ,22140,22140,22012,22012,56,0.26%,2,21922,247,21918,21927,24048,21668,,Regular,,
2025/03/24,TX,202512  ,21842,21842,21842,21842,-114,-0.52%,2,-,-,21962,21976,24048,21668,,After-Hours,,
2025/03/24,TX,202603  ,22160,22160,21918,21918,-55,-0.25%,3,21937,69,21929,21945,22263,21918,,Regular,,
2025/03/24,TX,202603  ,21973,-,-,21973,0,0.00%,1,-,-,21975,22001,22263,21958,,After-Hours,,
2025/03/25,TX,202504  ,22330,22443,22202,22298,147,0.66%,64095,22301,72654,22298,22305,23867,21671,,Regular,,
2025/03/25,TX,202504  ,22179,22370,22162,22335,184,0.83%,35730,-,-,22335,22337,23867,21671,,After-Hours,,
2025/03/25,TX,202505  ,22355,22461,22228,22323,142,0.64%,667,22319,859,22318,22328,23821,21718,,Regular,,
2025/03/25,TX,202505  ,22198,22387,22188,22359,178,0.80%,453,-,-,22355,22361,23821,21718,,After-Hours,,
2025/03/25,TX,202506  ,22338,22450,22222,22306,133,0.60%,103,22306,517,22306,22316,24547,19133,,Regular,,
2025/03/25,TX,202506  ,22241,22365,22238,22360,187,0.84%,33,-,-,22345,22350,24547,19133,,After-Hours,,
2025/03/25,TX,202509  ,22175,22175,21971,22049,134,0.61%,21,22049,732,22039,22050,23902,21377,,Regular,,
2025/03/25,TX,202509  ,21973,22108,21973,22108,193,0.88%,7,-,-,22081,22088,23902,21377,,After-Hours,,
2025/03/25,TX,202512  ,22126,22126,21965,21988,66,0.30%,6,22045,247,22037,22054,24048,21668,,Regular,,
2025/03/25,TX,202512  ,21995,22110,21978,22110,188,0.86%,8,-,-,22082,22093,24048,21668,,After-Hours,,
2025/03/25,TX,202603  ,22168,22168,22060,22060,123,0.56%,2,22060,69,22059,22079,22263,21918,,Regular,,
2025/03/25,TX,202603  ,22036,22036,22036,22036,99,0.45%,2,-,-,22105,22113,22263,21918,,After-Hours,,
2025/03/26,TX,202504  ,22409,22429,22250,22305,4,0.02%,53992,22304,73536,22302,22306,23867,21671,,Regular,,
2025/03/26,TX,202504  ,22310,22397,22298,22369,68,0.30%,32439,-,-,22362,22369,23867,21671,,After-Hours,,
2025/03/26,TX,202505  ,22424,22444,22274,22330,11,0.05%,498,22326,861,22322,22330,23821,21718,,Regular,,
2025/03/26,TX,202505  ,22331,22415,22322,22395,76,0.34%,362,-,-,22381,22392,23821,21718,,After-Hours,,
2025/03/26,TX,202506  ,22439,22439,22270,22312,6,0.03%,49,22312,531,22310,22318,24547,19133,,Regular,,
2025/03/26,TX,202506  ,22335,22402,22322,22383,77,0.35%,40,-,-,22369,22380,24547,19133,,After-Hours,,
2025/03/26,TX,202509  ,22150,22150,22036,22036,-13,-0.06%,18,22036,734,22041,22049,23902,21377,,Regular,,
2025/03/26,TX,202509  ,22081,22081,22081,22081,32,0.15%,1,-,-,22102,22114,23902,21377,,After-Hours,,
2025/03/26,TX,202512  ,22134,22148,22000,22054,9,0.04%,6,22054,249,22042,22052,24048,21668,,Regular,,
2025/03/26,TX,202512  ,22068,22068,22068,22068,23,0.10%,2,-,-,22099,22114,24048,21668,,After-Hours,,
2025/03/26,TX,202603  ,22125,22125,22082,22082,22,0.10%,2,22067,70,22061,22074,22263,21918,,Regular,,
2025/03/26,TX,202603  ,22076,22098,22076,22098,38,0.17%,2,-,-,22121,22140,22263,21918,,After-Hours,,
2025/03/27,TX,202504  ,22031,22052,21891,21968,-336,-1.51%,60620,21971,77260,21967,21970,23867,21671,,Regular,,
2025/03/27,TX,202504  ,22305,22315,21970,22045,-259,-1.16%,50049,-,-,22045,22051,23867,21671,,After-Hours,,
2025/03/27,TX,202505  ,22045,22073,21919,21998,-328,-1.47%,567,21998,1123,21992,21998,23821,21718,,Regular,,
2025/03/27,TX,202505  ,22326,22334,21997,22072,-254,-1.14%,881,-,-,22069,22077,23821,21718,,After-Hours,,
2025/03/27,TX,202506  ,22066,22066,21917,21952,-360,-1.61%,125,21980,543,21977,21984,24547,19133,,Regular,,
2025/03/27,TX,202506  ,22315,22315,21990,22050,-262,-1.17%,78,-,-,22059,22071,24547,19133,,After-Hours,,
2025/03/27,TX,202509  ,21799,21800,21659,21680,-356,-1.62%,29,21715,742,21712,21718,23902,21377,,Regular,,
2025/03/27,TX,202509  ,22016,22016,21755,21781,-255,-1.16%,24,-,-,21796,21808,23902,21377,,After-Hours,,
2025/03/27,TX,202512  ,21782,21782,21680,21689,-365,-1.66%,22,21723,277,21717,21729,24048,21668,,Regular,,
2025/03/27,TX,202512  ,21990,22005,21772,21772,-282,-1.28%,48,-,-,21798,21814,24048,21668,,After-Hours,,
2025/03/27,TX,202603  ,21738,21738,21738,21738,-329,-1.49%,1,21738,70,21739,21754,22263,21738,,Regular,,
2025/03/27,TX,202603  ,-,-,-,-,-,-,0,-,-,21813,21831,22263,21918,,After-Hours,,
2025/03/28,TX,202504  ,21750,21795,21485,21603,-368,-1.67%,79673,21599,78618,21600,21603,23867,21485,,Regular,,
2025/03/28,TX,202504  ,21955,21985,21784,21827,-144,-0.66%,59482,-,-,21827,21828,23867,21671,,After-Hours,,
2025/03/28,TX,202505  ,21758,21819,21514,21625,-373,-1.70%,1204,21621,1502,21622,21629,23821,21514,,Regular,,
2025/03/28,TX,202505  ,21988,22003,21821,21869,-129,-0.59%,1033,-,-,21852,21856,23821,21718,,After-Hours,,
2025/03/28,TX,202506  ,21744,21794,21500,21614,-366,-1.67%,140,21614,564,21609,21614,24547,19133,,Regular,,
2025/03/28,TX,202506  ,21948,21976,21805,21840,-140,-0.64%,64,-,-,21838,21842,24547,19133,,After-Hours,,
2025/03/28,TX,202509  ,21493,21533,21269,21343,-372,-1.71%,34,21343,761,21341,21348,23902,21269,,Regular,,
2025/03/28,TX,202509  ,21694,21705,21558,21587,-128,-0.59%,13,-,-,21574,21581,23902,21377,,After-Hours,,
2025/03/28,TX,202512  ,21500,21500,21245,21344,-379,-1.74%,32,21344,269,21346,21357,24048,21245,,Regular,,
2025/03/28,TX,202512  ,21680,21707,21560,21579,-144,-0.66%,48,-,-,21578,21588,24048,21560,,After-Hours,,
2025/03/28,TX,202603  ,21440,21440,21303,21328,-410,-1.89%,3,21366,71,21358,21375,22263,21303,,Regular,,
2025/03/28,TX,202603  ,-,-,-,-,-,-,0,-,-,21596,21606,22263,21738,,After-Hours,,
2025/03/31,TX,202504  ,20856,21065,20724,20769,-830,-3.84%,103146,20764,77322,20770,20779,23867,20724,,Regular,,
2025/03/31,TX,202504  ,21576,21645,21131,21141,-458,-2.12%,72895,-,-,21140,21143,23867,21131,,After-Hours,,
2025/03/31,TX,202505  ,20882,21080,20750,20796,-825,-3.82%,1470,20785,1593,20788,20800,23821,20750,,Regular,,
2025/03/31,TX,202505  ,21603,21666,21166,21170,-451,-2.09%,1132,-,-,21164,21171,23821,21166,,After-Hours,,
2025/03/31,TX,202506  ,20889,21070,20747,20786,-828,-3.83%,230,20786,609,20775,20788,24547,19133,,Regular,,
2025/03/31,TX,202506  ,21641,21641,21155,21190,-424,-1.96%,139,-,-,21149,21157,24547,19133,,After-Hours,,
2025/03/31,TX,202509  ,20629,20752,20461,20512,-831,-3.89%,197,20512,884,20502,20512,23902,20461,,Regular,,
2025/03/31,TX,202509  ,21382,21382,20956,20956,-387,-1.81%,20,-,-,20887,20895,23902,20956,,After-Hours,,
2025/03/31,TX,202512  ,20701,20732,20480,20480,-864,-4.05%,16,20509,264,20503,20516,24048,20480,,Regular,,
2025/03/31,TX,202512  ,21312,21362,20950,20973,-371,-1.74%,13,-,-,20887,20897,24048,20950,,After-Hours,,
2025/03/31,TX,202603  ,20500,20575,20500,20575,-791,-3.70%,2,20532,71,20521,20544,22263,20500,,Regular,,
2025/03/31,TX,202603  ,21380,21380,20991,20991,-375,-1.76%,4,-,-,20901,20917,22263,20991,,After-Hours,,
2025/04/01,TX,202504  ,21000,21271,20888,21181,417,2.01%,81447,21187,75350,21177,21183,23867,20689,,Regular,,
2025/04/01,TX,202504  ,20805,21133,20689,21088,324,1.56%,72112,-,-,21084,21089,23867,20689,,After-Hours,,
2025/04/01,TX,202505  ,21037,21288,20917,21195,410,1.97%,1254,21203,1936,21195,21205,23821,20712,,Regular,,
2025/04/01,TX,202505  ,20815,21150,20712,21116,331,1.59%,962,-,-,21103,21112,23821,20712,,After-Hours,,
2025/04/01,TX,202506  ,21043,21270,20900,21207,421,2.03%,203,21186,607,21181,21191,24547,19133,,Regular,,
2025/04/01,TX,202506  ,20818,21105,20722,21085,299,1.44%,138,-,-,21089,21098,24547,19133,,After-Hours,,
2025/04/01,TX,202509  ,20643,20999,20636,20923,411,2.00%,57,20923,941,20906,20913,23902,20457,,Regular,,
2025/04/01,TX,202509  ,20571,20731,20457,20700,188,0.92%,18,-,-,20820,20830,23902,20457,,After-Hours,,
2025/04/01,TX,202512  ,20692,20973,20687,20973,464,2.26%,28,20919,255,20913,20925,24048,20480,,Regular,,
2025/04/01,TX,202512  ,20553,20675,20500,20675,166,0.81%,18,-,-,20820,20830,24048,20480,,After-Hours,,
2025/04/01,TX,202603  ,20664,20985,20664,20985,453,2.21%,3,20933,71,20924,20942,22263,20500,,Regular,,
2025/04/01,TX,202603  ,20724,20742,20724,20742,210,1.02%,2,-,-,20838,20855,22263,20500,,After-Hours,,
2025/04/02,TX,202504  ,21273,21360,21188,21304,117,0.55%,66423,21296,73424,21301,21304,23867,20689,,Regular,,
2025/04/02,TX,202504  ,21237,21388,21061,21334,147,0.69%,72967,-,-,21328,21337,23867,20689,,After-Hours,,
2025/04/02,TX,202505  ,21300,21377,21211,21321,118,0.56%,1169,21318,2498,21319,21322,23821,20712,,Regular,,
2025/04/02,TX,202505  ,21231,21404,21082,21352,149,0.70%,1070,-,-,21345,21358,23821,20712,,After-Hours,,
2025/04/02,TX,202506  ,21323,21358,21200,21291,105,0.50%,31,21303,591,21300,21307,24547,19133,,Regular,,
2025/04/02,TX,202506  ,21236,21389,21068,21268,82,0.39%,195,-,-,21328,21341,24547,19133,,After-Hours,,
2025/04/02,TX,202509  ,21000,21017,20964,21011,88,0.42%,9,21034,943,21031,21037,23902,20457,,Regular,,
2025/04/02,TX,202509  ,20965,20999,20844,20967,44,0.21%,11,-,-,21058,21072,23902,20457,,After-Hours,,
2025/04/02,TX,202512  ,21000,21060,20950,21006,87,0.42%,17,21041,267,21037,21045,24048,20480,,Regular,,
2025/04/02,TX,202512  ,20990,21090,20822,21050,131,0.63%,27,-,-,21065,21084,24048,20480,,After-Hours,,
2025/04/02,TX,202603  ,21027,21027,21000,21000,67,0.32%,2,21055,75,21048,21063,22263,20500,,Regular,,
2025/04/02,TX,202603  ,20950,21120,20830,21120,187,0.89%,14,-,-,21076,21098,22263,20500,,After-Hours,,
2025/04/07,TX,202504  ,19167,19167,19167,19167,-2129,-10.00%,2736,19167,72153,-,19167,23867,19167,,Regular,,
2025/04/07,TX,202504  ,21300,21668,20808,20859,-437,-2.05%,91512,-,-,20843,20860,23867,20689,,After-Hours,,
2025/04/07,TX,202505  ,19187,19187,19187,19187,-2131,-10.00%,871,19187,2547,-,19187,23821,19187,,Regular,,
2025/04/07,TX,202505  ,21338,21680,20832,20870,-448,-2.10%,1714,-,-,20864,20884,23821,20712,,After-Hours,,
2025/04/07,TX,202506  ,19173,19173,19173,19173,-2130,-10.00%,38,19173,606,-,19173,24547,19133,,Regular,,
2025/04/07,TX,202506  ,21285,21603,20816,20875,-428,-2.01%,141,-,-,20845,20867,24547,19133,,After-Hours,,
2025/04/07,TX,202509  ,18931,18931,18931,18931,-2103,-10.00%,9,18931,942,-,18931,23902,18931,,Regular,,
2025/04/07,TX,202509  ,21052,21350,20925,20965,-69,-0.33%,31,-,-,20565,20593,23902,20457,,After-Hours,,
2025/04/07,TX,202512  ,18937,18937,18937,18937,-2104,-10.00%,18,18937,270,-,18937,24048,18937,,Regular,,
2025/04/07,TX,202512  ,21040,21300,20700,20700,-341,-1.62%,41,-,-,20573,20604,24048,20480,,After-Hours,,
2025/04/07,TX,202603  ,18950,18950,18950,18950,-2105,-10.00%,2,18950,82,-,18950,22263,18950,,Regular,,
2025/04/07,TX,202603  ,21005,21357,20600,20620,-435,-2.07%,26,-,-,20600,20630,22263,20500,,After-Hours,,
2025/04/08,TX,202504  ,18596,18754,18004,18190,-977,-5.10%,152423,18169,74145,18190,18196,23867,17566,,Regular,,
2025/04/08,TX,202504  ,17768,19299,17566,18406,-761,-3.97%,201617,-,-,18375,18407,23867,17566,,After-Hours,,
2025/04/08,TX,202505  ,18601,18733,18000,18178,-1009,-5.26%,1805,18151,2677,18178,18187,23821,17280,,Regular,,
2025/04/08,TX,202505  ,17280,19223,17280,18340,-847,-4.41%,2286,-,-,18330,18366,23821,17280,,After-Hours,,
2025/04/08,TX,202506  ,18514,18617,17966,18110,-1063,-5.54%,245,18125,510,18147,18160,24547,17256,,Regular,,
2025/04/08,TX,202506  ,17256,19000,17256,18284,-889,-4.64%,306,-,-,18251,18304,24547,17256,,After-Hours,,
2025/04/08,TX,202509  ,18079,18362,17714,17833,-1098,-5.80%,63,17833,917,17844,17857,23902,17038,,Regular,,
2025/04/08,TX,202509  ,17038,18500,17038,17849,-1082,-5.72%,102,-,-,17905,17973,23902,17038,,After-Hours,,
2025/04/08,TX,202512  ,18098,18343,17750,17889,-1048,-5.53%,34,17848,260,17835,17862,24048,17045,,Regular,,
2025/04/08,TX,202512  ,17045,18300,17045,18016,-921,-4.86%,48,-,-,17852,17974,24048,17045,,After-Hours,,
2025/04/08,TX,202603  ,18000,18400,17772,17886,-1064,-5.61%,7,17886,88,17717,17878,22263,17220,,Regular,,
2025/04/08,TX,202603  ,17398,17967,17220,17863,-1087,-5.74%,19,-,-,17860,18047,22263,17220,,After-Hours,,
2025/04/09,TX,202504  ,17846,18286,17139,17204,-965,-5.31%,176779,17184,75040,17203,17204,23867,17139,,Regular,,
2025/04/09,TX,202504  ,18245,18845,17726,18050,-119,-0.65%,160852,-,-,18040,18050,23867,17566,,After-Hours,,
2025/04/09,TX,202505  ,17860,18281,17138,17202,-949,-5.23%,3509,17181,4504,17193,17197,23821,17138,,Regular,,
2025/04/09,TX,202505  ,18281,18821,17734,18050,-101,-0.56%,3165,-,-,18043,18056,23821,17280,,After-Hours,,
2025/04/09,TX,202506  ,17894,18250,17140,17224,-901,-4.97%,282,17183,564,17181,17186,24547,17140,,Regular,,
2025/04/09,TX,202506  ,18181,18777,17754,18000,-125,-0.69%,287,-,-,18014,18035,24547,17256,,After-Hours,,
2025/04/09,TX,202509  ,17574,17947,16907,16959,-874,-4.90%,91,16889,958,16886,16893,23902,16907,,Regular,,
2025/04/09,TX,202509  ,17979,18446,17500,17550,-283,-1.59%,79,-,-,17718,17760,23902,17038,,After-Hours,,
2025/04/09,TX,202512  ,17608,17928,16943,16999,-849,-4.76%,17,16900,281,16894,16907,24048,16943,,Regular,,
2025/04/09,TX,202512  ,17889,18461,17574,17700,-148,-0.83%,33,-,-,17726,17774,24048,17045,,After-Hours,,
2025/04/09,TX,202603  ,17650,17650,17650,17650,-236,-1.32%,2,16898,89,16863,16934,22263,17220,,Regular,,
2025/04/09,TX,202603  ,17903,18463,17507,17507,-379,-2.12%,5,-,-,17641,17793,22263,17220,,After-Hours,,
2025/04/10,TX,202504  ,18902,18902,18902,18902,1718,10.00%,2382,18902,73614,18902,-,23867,17015,,Regular,,
2025/04/10,TX,202504  ,17336,18902,17015,18902,1718,10.00%,174279,-,-,18902,-,23867,17015,,After-Hours,,
2025/04/10,TX,202505  ,18899,18899,18899,18899,1718,10.00%,1017,18899,5207,18899,-,23821,17011,,Regular,,
2025/04/10,TX,202505  ,17300,18899,17011,18899,1718,10.00%,6934,-,-,18899,-,23821,17011,,After-Hours,,
2025/04/10,TX,202506  ,18901,18901,18901,18901,1718,10.00%,662,18901,1077,18901,-,24547,17000,,Regular,,
2025/04/10,TX,202506  ,17374,18901,17000,18901,1718,10.00%,598,-,-,18901,-,24547,17000,,After-Hours,,
2025/04/10,TX,202509  ,18577,18577,18577,18577,1688,9.99%,307,18577,1076,18577,-,23902,16850,,Regular,,
2025/04/10,TX,202509  ,17185,18577,16850,18577,1688,9.99%,63,-,-,18577,-,23902,16850,,After-Hours,,
2025/04/10,TX,202512  ,18590,18590,18590,18590,1690,10.00%,378,18590,438,18590,-,24048,16873,,Regular,,
2025/04/10,TX,202512  ,16873,18590,16873,18590,1690,10.00%,36,-,-,18590,-,24048,16873,,After-Hours,,
2025/04/10,TX,202603  ,18587,18587,18587,18587,1689,10.00%,213,18587,165,18587,-,22263,17068,,Regular,,
2025/04/10,TX,202603  ,17068,18113,17068,18113,1215,7.19%,6,-,-,18587,-,22263,17068,,After-Hours,,
2025/04/11,TX,202504  ,18560,19566,18441,19524,622,3.29%,132834,19543,68917,19522,19526,23867,17015,,Regular,,
2025/04/11,TX,202504  ,19682,19744,18384,18838,-64,-0.34%,164261,-,-,18837,18842,23867,17015,,After-Hours,,
2025/04/11,TX,202505  ,18566,19550,18436,19511,612,3.24%,9094,19519,9290,19507,19512,23821,17011,,Regular,,
2025/04/11,TX,202505  ,19680,19715,18394,18830,-69,-0.37%,7279,-,-,18831,18841,23821,17011,,After-Hours,,
2025/04/11,TX,202506  ,18679,19498,18443,19498,597,3.16%,181,19460,1074,19455,19465,24547,17000,,Regular,,
2025/04/11,TX,202506  ,19655,19675,18446,18795,-106,-0.56%,416,-,-,18804,18819,24547,17000,,After-Hours,,
2025/04/11,TX,202509  ,18300,19188,18300,19188,611,3.29%,35,19158,1058,19145,19171,23902,16850,,Regular,,
2025/04/11,TX,202509  ,19345,19361,18222,18274,-303,-1.63%,47,-,-,18487,18517,23902,16850,,After-Hours,,
2025/04/11,TX,202512  ,18300,18950,18271,18950,360,1.94%,10,19156,431,19147,19166,24048,16873,,Regular,,
2025/04/11,TX,202512  ,19365,19365,18210,18210,-380,-2.04%,19,-,-,18492,18519,24048,16873,,After-Hours,,
2025/04/11,TX,202603  ,18870,18870,18870,18870,283,1.52%,1,19159,162,19142,19176,22263,17068,,Regular,,
2025/04/11,TX,202603  ,18679,18691,18679,18691,104,0.56%,2,-,-,18492,18522,22263,17068,,After-Hours,,
2025/04/14,TX,202504  ,19800,19982,19450,19491,-52,-0.27%,129898,19497,42611,19493,19498,23867,17015,,Regular,,
2025/04/14,TX,202504  ,19539,19588,19179,19527,-16,-0.08%,105876,-,-,19527,19538,23867,17015,,After-Hours,,
2025/04/14,TX,202505  ,19762,19943,19425,19471,-48,-0.25%,41274,19476,36666,19470,19476,23821,17011,,Regular,,
2025/04/14,TX,202505  ,19519,19541,19159,19488,-31,-0.16%,5940,-,-,19488,19500,23821,17011,,After-Hours,,
2025/04/14,TX,202506  ,19732,19903,19370,19400,-60,-0.31%,245,19400,1103,19404,19417,24547,17000,,Regular,,
2025/04/14,TX,202506  ,19425,19500,19133,19463,3,0.02%,184,-,-,19457,19473,24547,17000,,After-Hours,,
2025/04/14,TX,202509  ,19407,19579,19089,19089,-69,-0.36%,40,19089,1061,19082,19118,23902,16850,,Regular,,
2025/04/14,TX,202509  ,19071,19189,18842,19189,31,0.16%,20,-,-,19142,19183,23902,16850,,After-Hours,,
2025/04/14,TX,202512  ,19412,19545,19074,19074,-82,-0.43%,26,19098,436,19079,19118,24048,16873,,Regular,,
2025/04/14,TX,202512  ,19015,19197,18915,19130,-26,-0.14%,14,-,-,19143,19178,24048,16873,,After-Hours,,
2025/04/14,TX,202603  ,19560,19560,19120,19120,-39,-0.20%,2,19120,163,19073,19128,22263,17068,,Regular,,
2025/04/14,TX,202603  ,19067,19070,19067,19070,-89,-0.46%,3,-,-,19152,19189,22263,17068,,After-Hours,,
2025/04/15,TX,202504  ,19585,19833,19517,19798,301,1.54%,83145,19794,23627,19797,19800,23867,17015,,Regular,,
2025/04/15,TX,202504  ,19543,19634,19348,19504,7,0.04%,63425,-,-,19501,19505,23867,17015,,After-Hours,,
2025/04/15,TX,202505  ,19555,19803,19482,19779,303,1.56%,41339,19778,61771,19778,19784,23821,17011,,Regular,,
2025/04/15,TX,202505  ,19505,19596,19318,19468,-8,-0.04%,5559,-,-,19466,19472,23821,17011,,After-Hours,,
2025/04/15,TX,202506  ,19503,19731,19450,19715,315,1.62%,131,19715,1091,19712,19725,24547,17000,,Regular,,
2025/04/15,TX,202506  ,19425,19530,19286,19434,34,0.18%,156,-,-,19412,19425,24547,17000,,After-Hours,,
2025/04/15,TX,202509  ,19162,19389,19162,19386,297,1.56%,14,19386,1063,19372,19445,23902,16850,,Regular,,
2025/04/15,TX,202509  ,19094,19194,19038,19038,-51,-0.27%,11,-,-,19096,19119,23902,16850,,After-Hours,,
2025/04/15,TX,202512  ,19157,19351,19157,19351,253,1.32%,5,19390,434,19367,19413,24048,16873,,Regular,,
2025/04/15,TX,202512  ,19040,19040,19040,19040,-58,-0.30%,1,-,-,19086,19120,24048,16873,,After-Hours,,
2025/04/15,TX,202603  ,-,-,-,-,-,-,0,19387,163,19368,19407,22263,17068,,Regular,,
2025/04/15,TX,202603  ,-,-,-,-,-,-,0,-,-,19086,19125,22263,17068,,After-Hours,,
2025/04/16,TX,202504  ,19601,19672,19426,19548,-246,-1.24%,40993,0,13745,19548,19549,23867,17015,,Regular,,
2025/04/16,TX,202504  ,19810,19911,19726,19818,24,0.12%,46864,-,-,19811,19819,23867,17015,,After-Hours,,
2025/04/16,TX,202505  ,19539,19622,19304,19353,-425,-2.15%,52635,19349,72455,19353,19354,23821,17011,,Regular,,
2025/04/16,TX,202505  ,19782,19887,19707,19788,10,0.05%,9223,-,-,19787,19796,23821,17011,,After-Hours,,
2025/04/16,TX,202506  ,19515,19569,19267,19295,-420,-2.13%,565,19295,1252,19302,19307,24547,17000,,Regular,,
2025/04/16,TX,202506  ,19720,19831,19657,19735,20,0.10%,149,-,-,19746,19757,24547,17000,,After-Hours,,
2025/04/16,TX,202509  ,19198,19230,19006,19006,-380,-1.96%,32,18967,1016,18933,19001,23902,16850,,Regular,,
2025/04/16,TX,202509  ,19452,19480,19325,19422,36,0.19%,35,-,-,19397,19456,23902,16850,,After-Hours,,
2025/04/16,TX,202512  ,19203,19203,18996,18996,-394,-2.03%,11,18996,437,18869,19006,24048,16873,,Regular,,
2025/04/16,TX,202512  ,19442,19477,19425,19425,35,0.18%,8,-,-,19391,19433,24048,16873,,After-Hours,,
2025/04/16,TX,202603  ,19100,19100,19000,19000,-387,-2.00%,12,19000,174,18953,19009,22263,17068,,Regular,,
2025/04/16,TX,202603  ,-,-,-,-,-,-,0,-,-,19396,19444,22263,17068,,After-Hours,,
2025/03/19,TX,202503/202504    ,13,68,7,68,-,-,2915,-,-,50,75,68,-20,,Regular,7147,
2025/03/19,TX,202503/202504    ,17,17,3,9,-,-,761,-,-,9,15,41,-20,,After-Hours,2366,
2025/03/19,TX,202503/202505    ,-,-,-,-,-,-,0,-,-,-,-,79,-15,,Regular,2,
2025/03/19,TX,202503/202505    ,-,-,-,-,-,-,0,-,-,24,41,79,-15,,After-Hours,7,
2025/03/19,TX,202503/202506    ,16,16,14,14,-,-,5,-,-,0,-,119,-20,,Regular,12,
2025/03/19,TX,202503/202506    ,-,-,-,-,-,-,0,-,-,16,40,119,-20,,After-Hours,4,
2025/03/19,TX,202504/202505    ,32,32,32,32,-,-,1,-,-,30,33,32,15,,Regular,162,
2025/03/19,TX,202504/202505    ,15,28,15,25,-,-,5,-,-,19,24,28,15,,After-Hours,47,
2025/03/19,TX,202504/202506    ,-,-,-,-,-,-,0,-,-,34,38,43,10,,Regular,37,
2025/03/19,TX,202504/202506    ,-,-,-,-,-,-,0,-,-,5,26,43,10,,After-Hours,1,
2025/03/19,TX,202504/202509    ,-186,-186,-186,-186,-,-,1,-,-,-184,-178,-186,-186,,Regular,3,
2025/03/19,TX,202504/202512    ,-155,-155,-155,-155,-,-,1,-,-,-160,-144,-110,-155,,Regular,8,
2025/03/19,TX,202504/202512    ,-,-,-,-,-,-,0,-,-,-209,-170,-110,-145,,After-Hours,1,
2025/03/19,TX,202505/202506    ,-,-,-,-,-,-,0,-,-,-13,4,23,21,,After-Hours,2,
2025/03/19,TX,202506/202509    ,-,-,-,-,-,-,0,-,-,-237,-212,-179,-242,,Regular,2,
2025/03/19,TX,202506/202509    ,-,-,-,-,-,-,0,-,-,-247,-226,-179,-242,,After-Hours,1,
2025/03/19,TX,202509/202512    ,37,37,37,37,-,-,1,-,-,36,74,106,37,,Regular,7,
2025/03/19,TX,202509/202512    ,-,-,-,-,-,-,0,-,-,33,57,106,90,,After-Hours,4,
2025/03/20,TX,202504/202505    ,15,20,15,15,-,-,13,-,-,15,19,32,15,,Regular,381,
2025/03/20,TX,202504/202505    ,-,-,-,-,-,-,0,-,-,13,18,32,15,,After-Hours,246,
2025/03/20,TX,202504/202506    ,11,11,10,10,-,-,8,-,-,11,15,43,10,,Regular,68,
2025/03/20,TX,202504/202506    ,31,31,17,18,-,-,25,-,-,12,17,43,10,,After-Hours,48,
2025/03/20,TX,202504/202509    ,-209,-209,-229,-226,-,-,18,-,-,-227,-225,-186,-229,,Regular,14,
2025/03/20,TX,202504/202509    ,-,-,-,-,-,-,0,-,-,-218,-204,-186,-186,,After-Hours,7,
2025/03/20,TX,202504/202512    ,-196,-196,-220,-220,-,-,26,-,-,-222,-212,-110,-220,,Regular,4,
2025/03/20,TX,202504/202512    ,-,-,-,-,-,-,0,-,-,-195,-180,-110,-155,,After-Hours,3,
2025/03/20,TX,202504/202603    ,-105,-105,-155,-155,-,-,61,-,-,-195,-151,-105,-155,,Regular,8,
2025/03/20,TX,202505/202506    ,1,1,1,1,-,-,1,-,-,-,400,23,1,,Regular,11,
2025/03/20,TX,202505/202506    ,-,-,-,-,-,-,0,-,-,-,0,23,21,,After-Hours,3,
2025/03/20,TX,202505/202512    ,-,-,-,-,-,-,0,-,-,-238,-182,-,-,,Regular,1,
2025/03/20,TX,202506/202509    ,-,-,-,-,-,-,0,-,-,-245,-221,-179,-242,,After-Hours,1,
2025/03/20,TX,202509/202512    ,-,-,-,-,-,-,0,-,-,21,36,106,37,,After-Hours,1,
2025/03/20,TX,202512/202603    ,49,56,49,56,-,-,10,-,-,-,57,56,49,,Regular,2,
2025/03/21,TX,202504/202505    ,22,26,22,26,-,-,9,-,-,23,25,32,15,,Regular,350,
2025/03/21,TX,202504/202505    ,19,19,19,19,-,-,10,-,-,19,23,32,15,,After-Hours,345,
2025/03/21,TX,202504/202506    ,-,-,-,-,-,-,0,-,-,17,19,43,10,,Regular,54,
2025/03/21,TX,202504/202506    ,16,19,16,19,-,-,6,-,-,13,18,43,10,,After-Hours,102,
2025/03/21,TX,202504/202509    ,-228,-228,-234,-234,-,-,7,-,-,-237,-231,-186,-234,,Regular,11,
2025/03/21,TX,202504/202509    ,-,-,-,-,-,-,0,-,-,-230,-223,-186,-229,,After-Hours,16,
2025/03/21,TX,202504/202512    ,-,-,-,-,-,-,0,-,-,-232,-221,-110,-220,,Regular,9,
2025/03/21,TX,202504/202512    ,-,-,-,-,-,-,0,-,-,-225,-217,-110,-220,,After-Hours,14,
2025/03/21,TX,202504/202603    ,-207,-207,-207,-207,-,-,1,-,-,-220,-181,-105,-207,,Regular,13,
2025/03/21,TX,202505/202603    ,-,-,-,-,-,-,0,-,-,-,-214,-,-,,Regular,2,
2025/03/21,TX,202506/202509    ,-,-,-,-,-,-,0,-,-,-254,-228,-179,-242,,Regular,4,
2025/03/21,TX,202512/202603    ,-,-,-,-,-,-,0,-,-,-2,43,56,44,,Regular,4,
2025/03/21,TX,202512/202603    ,54,56,44,44,-,-,4,-,-,-,59,56,44,,After-Hours,7,
2025/03/24,TX,202504/202505    ,22,25,22,25,-,-,35,-,-,22,25,32,15,,Regular,322,
2025/03/24,TX,202504/202505    ,-,-,-,-,-,-,0,-,-,21,24,32,15,,After-Hours,297,
2025/03/24,TX,202504/202506    ,-,-,-,-,-,-,0,-,-,14,18,43,10,,Regular,46,
2025/03/24,TX,202504/202506    ,-,-,-,-,-,-,0,-,-,14,18,43,10,,After-Hours,87,
2025/03/24,TX,202504/202509    ,-231,-231,-235,-235,-,-,2,-,-,-247,-236,-186,-235,,After-Hours,19,
2025/03/24,TX,202504/202512    ,-,-,-,-,-,-,0,-,-,-238,-232,-110,-220,,Regular,2,
2025/03/24,TX,202504/202512    ,-,-,-,-,-,-,0,-,-,-235,-225,-110,-220,,After-Hours,1,
2025/03/24,TX,202504/202603    ,-,-,-,-,-,-,0,-,-,-227,-214,-105,-207,,Regular,2,
2025/03/24,TX,202506/202509    ,-,-,-,-,-,-,0,-,-,-260,-231,-179,-242,,After-Hours,2,
2025/03/24,TX,202512/202603    ,15,15,15,15,-,-,1,-,-,13,30,56,15,,After-Hours,0,
2025/03/25,TX,202504/202505    ,22,24,20,24,-,-,67,-,-,20,23,32,15,,Regular,428,
2025/03/25,TX,202504/202505    ,-,-,-,-,-,-,0,-,-,20,24,32,15,,After-Hours,258,
2025/03/25,TX,202504/202506    ,-,-,-,-,-,-,0,-,-,8,12,43,10,,Regular,91,
2025/03/25,TX,202504/202506    ,-,-,-,-,-,-,0,-,-,10,13,43,10,,After-Hours,33,
2025/03/25,TX,202504/202509    ,-,-,-,-,-,-,0,-,-,-259,-255,-186,-235,,Regular,17,
2025/03/25,TX,202504/202509    ,-,-,-,-,-,-,0,-,-,-254,-249,-186,-235,,After-Hours,5,
2025/03/25,TX,202504/202512    ,-,-,-,-,-,-,0,-,-,-261,-251,-110,-220,,Regular,6,
2025/03/25,TX,202504/202512    ,-,-,-,-,-,-,0,-,-,-253,-244,-110,-220,,After-Hours,8,
2025/03/25,TX,202504/202603    ,-,-,-,-,-,-,0,-,-,-239,-226,-105,-207,,Regular,1,
2025/03/25,TX,202504/202603    ,-,-,-,-,-,-,0,-,-,-230,-224,-105,-207,,After-Hours,1,
2025/03/25,TX,202506/202509    ,-,-,-,-,-,-,0,-,-,-276,-255,-179,-242,,Regular,1,
2025/03/25,TX,202506/202509    ,-,-,-,-,-,-,0,-,-,-263,-229,-179,-242,,After-Hours,2,
2025/03/26,TX,202504/202505    ,22,24,22,23,-,-,8,-,-,20,24,32,15,,Regular,294,
2025/03/26,TX,202504/202505    ,-,-,-,-,-,-,0,-,-,19,23,32,15,,After-Hours,165,
2025/03/26,TX,202504/202506    ,-,-,-,-,-,-,0,-,-,8,12,43,10,,Regular,44,
2025/03/26,TX,202504/202506    ,-,-,-,-,-,-,0,-,-,7,11,43,10,,After-Hours,36,
2025/03/26,TX,202504/202509    ,-,-,-,-,-,-,0,-,-,-261,-257,-186,-235,,Regular,15,
2025/03/26,TX,202504/202509    ,-,-,-,-,-,-,0,-,-,-260,-255,-186,-235,,After-Hours,1,
2025/03/26,TX,202504/202512    ,-,-,-,-,-,-,0,-,-,-260,-254,-110,-220,,Regular,6,
2025/03/26,TX,202504/202512    ,-,-,-,-,-,-,0,-,-,-263,-255,-110,-220,,After-Hours,2,
2025/03/26,TX,202504/202603    ,-,-,-,-,-,-,0,-,-,-241,-232,-105,-207,,Regular,2,
2025/03/27,TX,202504/202505    ,27,28,24,28,-,-,18,-,-,25,28,32,15,,Regular,355,
2025/03/27,TX,202504/202505    ,-,-,-,-,-,-,0,-,-,24,28,32,15,,After-Hours,521,
2025/03/27,TX,202504/202506    ,17,17,13,13,-,-,18,-,-,10,14,43,10,,Regular,103,
2025/03/27,TX,202504/202506    ,-,-,-,-,-,-,0,-,-,14,20,43,10,,After-Hours,74,
2025/03/27,TX,202504/202509    ,-245,-245,-252,-252,-,-,13,-,-,-255,-252,-186,-252,,Regular,15,
2025/03/27,TX,202504/202509    ,-,-,-,-,-,-,0,-,-,-249,-243,-186,-235,,After-Hours,24,
2025/03/27,TX,202504/202512    ,-,-,-,-,-,-,0,-,-,-250,-241,-110,-220,,Regular,21,
2025/03/27,TX,202504/202512    ,-,-,-,-,-,-,0,-,-,-247,-237,-110,-220,,After-Hours,47,
2025/03/27,TX,202504/202603    ,-,-,-,-,-,-,0,-,-,-228,-216,-105,-207,,Regular,1,
2025/03/28,TX,202504/202505    ,28,29,25,26,-,-,335,-,-,22,26,32,15,,Regular,610,
2025/03/28,TX,202504/202505    ,-,-,-,-,-,-,0,-,-,25,28,32,15,,After-Hours,520,
2025/03/28,TX,202504/202506    ,-,-,-,-,-,-,0,-,-,9,11,43,10,,Regular,128,
2025/03/28,TX,202504/202506    ,-,-,-,-,-,-,0,-,-,10,14,43,10,,After-Hours,60,
2025/03/28,TX,202504/202509    ,-252,-252,-256,-256,-,-,10,-,-,-259,-255,-186,-256,,Regular,24,
2025/03/28,TX,202504/202509    ,-,-,-,-,-,-,0,-,-,-253,-247,-186,-252,,After-Hours,12,
2025/03/28,TX,202504/202512    ,-,-,-,-,-,-,0,-,-,-254,-246,-110,-220,,Regular,31,
2025/03/28,TX,202504/202512    ,-,-,-,-,-,-,0,-,-,-249,-240,-110,-220,,After-Hours,45,
2025/03/28,TX,202504/202603    ,-,-,-,-,-,-,0,-,-,-242,-228,-105,-207,,Regular,3,
2025/03/28,TX,202509/202512    ,-,-,-,-,-,-,0,-,-,-,500,106,37,,After-Hours,1,
2025/03/31,TX,202504/202505    ,25,25,20,20,-,-,50,-,-,18,22,32,15,,Regular,835,
2025/03/31,TX,202504/202505    ,-,-,-,-,-,-,0,-,-,24,28,32,15,,After-Hours,513,
2025/03/31,TX,202504/202506    ,9,9,7,7,-,-,7,-,-,5,9,43,7,,Regular,199,
2025/03/31,TX,202504/202506    ,-,-,-,-,-,-,0,-,-,9,14,43,10,,After-Hours,130,
2025/03/31,TX,202504/202509    ,-260,-260,-272,-267,-,-,124,-,-,-268,-267,-186,-272,,Regular,66,
2025/03/31,TX,202504/202509    ,-,-,-,-,-,-,0,-,-,-253,-248,-186,-256,,After-Hours,19,
2025/03/31,TX,202504/202512    ,-265,-265,-265,-265,-,-,2,-,-,-267,-263,-110,-265,,Regular,14,
2025/03/31,TX,202504/202512    ,-,-,-,-,-,-,0,-,-,-253,-246,-110,-220,,After-Hours,13,
2025/03/31,TX,202504/202603    ,-,-,-,-,-,-,0,-,-,-249,-235,-105,-207,,Regular,1,
2025/03/31,TX,202504/202603    ,-,-,-,-,-,-,0,-,-,-239,-226,-105,-207,,After-Hours,2,
2025/03/31,TX,202505/202506    ,-,-,-,-,-,-,0,-,-,-,400,23,1,,Regular,1,
2025/03/31,TX,202506/202509    ,-,-,-,-,-,-,0,-,-,-284,-263,-179,-242,,Regular,7,
2025/04/01,TX,202504/202505    ,23,24,15,20,-,-,201,-,-,18,22,32,15,,Regular,655,
2025/04/01,TX,202504/202505    ,-,-,-,-,-,-,0,-,-,19,23,32,15,,After-Hours,334,
2025/04/01,TX,202504/202506    ,6,6,6,6,-,-,1,-,-,4,8,43,6,,Regular,160,
2025/04/01,TX,202504/202506    ,-,-,-,-,-,-,0,-,-,5,9,43,7,,After-Hours,129,
2025/04/01,TX,202504/202509    ,-262,-262,-271,-271,-,-,37,-,-,-271,-270,-186,-272,,Regular,20,
2025/04/01,TX,202504/202509    ,-259,-259,-259,-259,-,-,2,-,-,-264,-259,-186,-272,,After-Hours,16,
2025/04/01,TX,202504/202512    ,-261,-261,-261,-261,-,-,4,-,-,-264,-258,-110,-265,,Regular,24,
2025/04/01,TX,202504/202512    ,-,-,-,-,-,-,0,-,-,-264,-259,-110,-265,,After-Hours,17,
2025/04/01,TX,202504/202603    ,-,-,-,-,-,-,0,-,-,-246,-234,-105,-207,,After-Hours,2,
2025/04/01,TX,202512/202603    ,-,-,-,-,-,-,0,-,-,12,27,56,15,,Regular,2,
2025/04/02,TX,202504/202505    ,21,24,18,19,-,-,426,-,-,18,20,32,15,,Regular,474,
2025/04/02,TX,202504/202505    ,-,-,-,-,-,-,0,-,-,17,21,32,15,,After-Hours,560,
2025/04/02,TX,202504/202506    ,-,-,-,-,-,-,0,-,-,-1,3,43,6,,Regular,29,
2025/04/02,TX,202504/202506    ,-,-,-,-,-,-,0,-,-,0,4,43,6,,After-Hours,174,
2025/04/02,TX,202504/202509    ,-,-,-,-,-,-,0,-,-,-270,-267,-186,-272,,Regular,9,
2025/04/02,TX,202504/202509    ,-,-,-,-,-,-,0,-,-,-270,-265,-186,-272,,After-Hours,11,
2025/04/02,TX,202504/202512    ,-,-,-,-,-,-,0,-,-,-264,-259,-110,-265,,Regular,17,
2025/04/02,TX,202504/202512    ,-,-,-,-,-,-,0,-,-,-263,-253,-110,-265,,After-Hours,24,
2025/04/02,TX,202504/202603    ,-,-,-,-,-,-,0,-,-,-253,-241,-105,-207,,Regular,2,
2025/04/02,TX,202504/202603    ,-,-,-,-,-,-,0,-,-,-252,-239,-105,-207,,After-Hours,7,
2025/04/02,TX,202505/202603    ,-,-,-,-,-,-,0,-,-,-275,-255,-,-,,After-Hours,1,
2025/04/02,TX,202509/202512    ,-,-,-,-,-,-,0,-,-,-7,500,106,37,,After-Hours,1,
2025/04/02,TX,202512/202603    ,-,-,-,-,-,-,0,-,-,12,26,56,15,,After-Hours,1,
2025/04/07,TX,202504/202505    ,10,11,-35,-17,-,-,572,-,-,-18,-16,32,-35,,Regular,194,
2025/04/07,TX,202504/202505    ,16,16,16,16,-,-,4,-,-,17,24,32,15,,After-Hours,1106,
2025/04/07,TX,202504/202506    ,-10,-10,-30,-26,-,-,4,-,-,-35,-30,43,-30,,Regular,3,
2025/04/07,TX,202504/202506    ,-,-,-,-,-,-,0,-,-,2,7,43,6,,After-Hours,132,
2025/04/07,TX,202504/202509    ,-,-,-,-,-,-,0,-,-,-359,-291,-186,-272,,Regular,1,
2025/04/07,TX,202504/202509    ,-,-,-,-,-,-,0,-,-,-278,-267,-186,-272,,After-Hours,30,
2025/04/07,TX,202504/202512    ,-272,-272,-317,-317,-,-,5,-,-,-350,-301,-110,-317,,Regular,3,
2025/04/07,TX,202504/202512    ,-,-,-,-,-,-,0,-,-,-271,-256,-110,-265,,After-Hours,41,
2025/04/07,TX,202504/202603    ,-258,-258,-258,-258,-,-,1,-,-,-388,-277,-105,-258,,Regular,0,
2025/04/07,TX,202504/202603    ,-,-,-,-,-,-,0,-,-,-260,-230,-105,-207,,After-Hours,19,
2025/04/07,TX,202505/202506    ,-,-,-,-,-,-,0,-,-,-,400,23,1,,After-Hours,1,
2025/04/07,TX,202505/202603    ,-,-,-,-,-,-,0,-,-,-276,-254,-,-,,After-Hours,2,
2025/04/07,TX,202506/202509    ,-269,-269,-269,-269,-,-,1,-,-,-355,-260,-179,-269,,Regular,0,
2025/04/07,TX,202512/202603    ,-,-,-,-,-,-,0,-,-,-,27,56,15,,After-Hours,2,
2025/04/08,TX,202504/202505    ,-35,1,-35,-10,-,-,364,-,-,-12,-9,32,-61,,Regular,1138,
2025/04/08,TX,202504/202505    ,-50,-34,-61,-41,-,-,114,-,-,-45,-41,32,-61,,After-Hours,1986,
2025/04/08,TX,202504/202506    ,-70,-39,-76,-45,-,-,8,-,-,-43,-36,43,-150,,Regular,144,
2025/04/08,TX,202504/202506    ,-101,-101,-150,-122,-,-,32,-,-,-124,-103,43,-150,,After-Hours,169,
2025/04/08,TX,202504/202509    ,-338,-321,-339,-321,-,-,4,-,-,-346,-339,-186,-468,,Regular,31,
2025/04/08,TX,202504/202509    ,-468,-468,-468,-468,-,-,1,-,-,-495,-434,-186,-468,,After-Hours,57,
2025/04/08,TX,202504/202512    ,-,-,-,-,-,-,0,-,-,-355,-334,-110,-410,,Regular,7,
2025/04/08,TX,202504/202512    ,-410,-410,-410,-410,-,-,1,-,-,-523,-433,-110,-410,,After-Hours,28,
2025/04/08,TX,202504/202603    ,-,-,-,-,-,-,0,-,-,-473,-318,-105,-258,,Regular,2,
2025/04/08,TX,202504/202603    ,-,-,-,-,-,-,0,-,-,-515,-360,-105,-258,,After-Hours,9,
2025/04/08,TX,202505/202506    ,-,-,-,-,-,-,0,-,-,-99,400,23,-100,,Regular,4,
2025/04/08,TX,202505/202506    ,-100,-86,-100,-91,-,-,5,-,-,-146,-,23,-100,,After-Hours,40,
2025/04/08,TX,202505/202603    ,-,-,-,-,-,-,0,-,-,-482,-313,-,-,,After-Hours,8,
2025/04/08,TX,202506/202509    ,-275,-275,-275,-275,-,-,1,-,-,-315,-255,-179,-321,,Regular,9,
2025/04/08,TX,202506/202509    ,-321,-290,-321,-310,-,-,6,-,-,-345,-315,-179,-321,,After-Hours,25,
2025/04/08,TX,202506/202512    ,-,-,-,-,-,-,0,-,-,-322,450,-,-,,Regular,9,
2025/04/08,TX,202506/202512    ,-,-,-,-,-,-,0,-,-,-442,-310,-,-,,After-Hours,3,
2025/04/08,TX,202506/202603    ,-,-,-,-,-,-,0,-,-,-382,450,-,-,,Regular,1,
2025/04/08,TX,202509/202512    ,-,-,-,-,-,-,0,-,-,-14,12,106,-67,,Regular,3,
2025/04/08,TX,202509/202512    ,-67,-67,-67,-67,-,-,1,-,-,-188,2,106,-67,,After-Hours,9,
2025/04/08,TX,202512/202603    ,-,-,-,-,-,-,0,-,-,-98,45,56,15,,Regular,1,
2025/04/08,TX,202512/202603    ,29,29,29,29,-,-,1,-,-,-98,32,56,15,,After-Hours,2,
2025/04/09,TX,202504/202505    ,2,7,-10,-7,-,-,700,-,-,-10,-7,32,-61,,Regular,2517,
2025/04/09,TX,202504/202505    ,-9,11,-9,5,-,-,28,-,-,3,6,32,-61,,After-Hours,2028,
2025/04/09,TX,202504/202506    ,-,-,-,-,-,-,0,-,-,-22,-18,43,-150,,Regular,267,
2025/04/09,TX,202504/202506    ,-,-,-,-,-,-,0,-,-,-26,-15,43,-150,,After-Hours,249,
2025/04/09,TX,202504/202509    ,-317,-302,-317,-313,-,-,9,-,-,-317,-311,-186,-468,,Regular,80,
2025/04/09,TX,202504/202509    ,-,-,-,-,-,-,0,-,-,-322,-290,-186,-468,,After-Hours,54,
2025/04/09,TX,202504/202512    ,-290,-290,-290,-290,-,-,2,-,-,-309,-297,-110,-410,,Regular,15,
2025/04/09,TX,202504/202512    ,-,-,-,-,-,-,0,-,-,-314,-276,-110,-410,,After-Hours,28,
2025/04/09,TX,202504/202603    ,-,-,-,-,-,-,0,-,-,-340,-270,-105,-258,,Regular,1,
2025/04/09,TX,202505/202506    ,-,-,-,-,-,-,0,-,-,-146,-6,23,-100,,Regular,7,
2025/04/09,TX,202505/202506    ,-23,-23,-23,-23,-,-,1,-,-,-99,-1,23,-100,,After-Hours,0,
2025/04/09,TX,202505/202603    ,-,-,-,-,-,-,0,-,-,-403,-286,-,-,,After-Hours,3,
2025/04/09,TX,202506/202509    ,-,-,-,-,-,-,0,-,-,-305,-270,-179,-321,,After-Hours,1,
2025/04/09,TX,202509/202512    ,-,-,-,-,-,-,0,-,-,-17,27,106,-67,,After-Hours,7,
2025/04/09,TX,202509/202603    ,-,-,-,-,-,-,0,-,-,-35,500,-,-,,After-Hours,1,
2025/04/09,TX,202512/202603    ,-,-,-,-,-,-,0,-,-,-37,44,56,15,,After-Hours,1,
2025/04/10,TX,202504/202505    ,-7,2,-16,-11,-,-,827,-,-,-11,-10,32,-61,,Regular,72,
2025/04/10,TX,202504/202505    ,-20,-4,-25,-7,-,-,197,-,-,-7,-4,32,-61,,After-Hours,3545,
2025/04/10,TX,202504/202506    ,-20,-13,-46,-27,-,-,274,-,-,-29,-26,43,-150,,Regular,107,
2025/04/10,TX,202504/202506    ,-3,-3,-3,-3,-,-,1,-,-,-44,-3,43,-150,,After-Hours,448,
2025/04/10,TX,202504/202509    ,-350,-320,-395,-330,-,-,213,-,-,-334,-322,-186,-468,,Regular,34,
2025/04/10,TX,202504/202509    ,-,-,-,-,-,-,0,-,-,-396,-325,-186,-468,,After-Hours,28,
2025/04/10,TX,202504/202512    ,-312,-295,-345,-336,-,-,203,-,-,-341,-330,-110,-410,,Regular,0,
2025/04/10,TX,202504/202512    ,-313,-313,-313,-313,-,-,1,-,-,-380,-312,-110,-410,,After-Hours,23,
2025/04/10,TX,202504/202603    ,-322,-301,-343,-343,-,-,116,-,-,-360,-324,-105,-343,,Regular,2,
2025/04/10,TX,202504/202603    ,-300,-300,-300,-300,-,-,2,-,-,-339,-295,-105,-300,,After-Hours,4,
2025/04/10,TX,202505/202506    ,-,-,-,-,-,-,0,-,-,-30,19,23,-100,,Regular,7,
2025/04/10,TX,202505/202506    ,-,-,-,-,-,-,0,-,-,-119,400,23,-100,,After-Hours,26,
2025/04/10,TX,202506/202509    ,-295,-295,-336,-300,-,-,53,-,-,-320,-300,-179,-336,,Regular,17,
2025/04/10,TX,202506/202509    ,-,-,-,-,-,-,0,-,-,-330,-300,-179,-321,,After-Hours,12,
2025/04/10,TX,202506/202512    ,-322,-304,-322,-312,-,-,126,-,-,-,-312,-304,-322,,Regular,45,
2025/04/10,TX,202506/202603    ,-315,-314,-315,-315,-,-,74,-,-,-,-,-314,-315,,Regular,17,
2025/04/10,TX,202509/202512    ,-,-,-,-,-,-,0,-,-,-40,24,106,-67,,After-Hours,2,
2025/04/10,TX,202512/202603    ,1,1,-19,-19,-,-,3,-,-,-16,35,56,-19,,Regular,0,
2025/04/10,TX,202512/202603    ,-,-,-,-,-,-,0,-,-,-24,55,56,15,,After-Hours,2,
2025/04/11,TX,202504/202505    ,-5,-4,-19,-15,-,-,3083,-,-,-18,-14,32,-61,,Regular,4226,
2025/04/11,TX,202504/202505    ,-9,-4,-10,-4,-,-,14,-,-,-6,-1,32,-61,,After-Hours,2869,
2025/04/11,TX,202504/202506    ,-56,-53,-56,-53,-,-,3,-,-,-67,-61,43,-150,,Regular,156,
2025/04/11,TX,202504/202506    ,-36,-36,-36,-36,-,-,1,-,-,-33,-23,43,-150,,After-Hours,303,
2025/04/11,TX,202504/202509    ,-346,-346,-346,-346,-,-,1,-,-,-377,-355,-186,-468,,Regular,26,
2025/04/11,TX,202504/202509    ,-,-,-,-,-,-,0,-,-,-350,-325,-186,-468,,After-Hours,27,
2025/04/11,TX,202504/202512    ,-,-,-,-,-,-,0,-,-,-375,-360,-110,-410,,Regular,10,
2025/04/11,TX,202504/202512    ,-,-,-,-,-,-,0,-,-,-345,-323,-110,-410,,After-Hours,9,
2025/04/11,TX,202504/202603    ,-,-,-,-,-,-,0,-,-,-380,-350,-105,-343,,Regular,1,
2025/04/11,TX,202504/202603    ,-,-,-,-,-,-,0,-,-,-345,-320,-105,-343,,After-Hours,2,
2025/04/11,TX,202505/202506    ,-,-,-,-,-,-,0,-,-,-,-1,23,-100,,Regular,4,
2025/04/11,TX,202505/202506    ,-,-,-,-,-,-,0,-,-,-37,-13,23,-100,,After-Hours,12,
2025/04/11,TX,202506/202509    ,-,-,-,-,-,-,0,-,-,-310,-290,-179,-336,,Regular,4,
2025/04/11,TX,202506/202509    ,-,-,-,-,-,-,0,-,-,-325,-290,-179,-336,,After-Hours,2,
2025/04/14,TX,202504/202505    ,-30,-17,-56,-23,-,-,26680,-,-,-23,-20,32,-61,,Regular,9867,
2025/04/14,TX,202504/202505    ,-18,-17,-42,-35,-,-,163,-,-,-39,-34,32,-61,,After-Hours,2432,
2025/04/14,TX,202504/202506    ,-91,-91,-99,-99,-,-,2,-,-,-90,-81,43,-150,,Regular,155,
2025/04/14,TX,202504/202506    ,-,-,-,-,-,-,0,-,-,-70,-65,43,-150,,After-Hours,144,
2025/04/14,TX,202504/202509    ,-380,-380,-380,-380,-,-,1,-,-,-411,-380,-186,-468,,Regular,17,
2025/04/14,TX,202504/202509    ,-,-,-,-,-,-,0,-,-,-385,-355,-186,-468,,After-Hours,9,
2025/04/14,TX,202504/202512    ,-,-,-,-,-,-,0,-,-,-426,-380,-110,-410,,Regular,14,
2025/04/14,TX,202504/202512    ,-,-,-,-,-,-,0,-,-,-384,-360,-110,-410,,After-Hours,11,
2025/04/14,TX,202504/202603    ,-,-,-,-,-,-,0,-,-,-430,-370,-105,-343,,Regular,1,
2025/04/14,TX,202504/202603    ,-,-,-,-,-,-,0,-,-,-375,-345,-105,-343,,After-Hours,1,
2025/04/14,TX,202505/202506    ,-,-,-,-,-,-,0,-,-,-64,-23,23,-100,,Regular,12,
2025/04/14,TX,202505/202506    ,-,-,-,-,-,-,0,-,-,-57,9,23,-100,,After-Hours,5,
2025/04/14,TX,202505/202603    ,-,-,-,-,-,-,0,-,-,-350,-311,-,-,,After-Hours,1,
2025/04/14,TX,202506/202509    ,-,-,-,-,-,-,0,-,-,-315,-285,-179,-336,,Regular,3,
2025/04/14,TX,202506/202509    ,-,-,-,-,-,-,0,-,-,-318,-286,-179,-336,,After-Hours,1,
2025/04/14,TX,202506/202512    ,-,-,-,-,-,-,0,-,-,-,450,-304,-322,,Regular,4,
2025/04/14,TX,202509/202512    ,-,-,-,-,-,-,0,-,-,-20,-5,106,-67,,Regular,4,
2025/04/14,TX,202509/202512    ,-,-,-,-,-,-,0,-,-,-,14,106,-67,,After-Hours,1,
2025/04/14,TX,202512/202603    ,3,3,3,3,-,-,1,-,-,-,7,56,-19,,After-Hours,0,
2025/04/15,TX,202504/202505    ,-32,-13,-42,-19,-,-,22432,-,-,-19,-16,32,-61,,Regular,9669,
2025/04/15,TX,202504/202505    ,-23,-23,-36,-36,-,-,258,-,-,-35,-30,32,-61,,After-Hours,1271,
2025/04/15,TX,202504/202506    ,-,-,-,-,-,-,0,-,-,-85,-75,43,-150,,Regular,79,
2025/04/15,TX,202504/202506    ,-,-,-,-,-,-,0,-,-,-89,-80,43,-150,,After-Hours,124,
2025/04/15,TX,202504/202509    ,-430,-430,-430,-430,-,-,1,-,-,-425,-355,-186,-468,,Regular,6,
2025/04/15,TX,202504/202509    ,-,-,-,-,-,-,0,-,-,-405,-386,-186,-468,,After-Hours,8,
2025/04/15,TX,202504/202512    ,-,-,-,-,-,-,0,-,-,-435,-355,-110,-410,,Regular,3,
2025/04/15,TX,202505/202506    ,-,-,-,-,-,-,0,-,-,-74,-54,23,-100,,Regular,5,
2025/04/15,TX,202505/202506    ,-,-,-,-,-,-,0,-,-,-64,-34,23,-100,,After-Hours,2,
2025/04/15,TX,202505/202512    ,-,-,-,-,-,-,0,-,-,-397,-344,-,-,,After-Hours,1,
2025/04/15,TX,202506/202509    ,-,-,-,-,-,-,0,-,-,-339,-286,-179,-336,,Regular,3,
2025/04/15,TX,202509/202512    ,-,-,-,-,-,-,0,-,-,-10,-3,106,-67,,Regular,1,
2025/04/16,TX,202504/202505    ,-28,-15,-189,-189,-,-,4448,-,-,-195,-126,32,-189,,Regular,6420,
2025/04/16,TX,202504/202505    ,-16,-9,-25,-25,-,-,183,-,-,-24,-19,32,-61,,After-Hours,2006,
2025/04/16,TX,202504/202506    ,-,-,-,-,-,-,0,-,-,-,-,43,-150,,Regular,119,
2025/04/16,TX,202504/202506    ,-,-,-,-,-,-,0,-,-,-65,-55,43,-150,,After-Hours,51,
2025/04/16,TX,202504/202509    ,-,-,-,-,-,-,0,-,-,-668,-200,-186,-468,,Regular,4,
2025/04/16,TX,202504/202509    ,-415,-415,-415,-415,-,-,1,-,-,-414,-310,-186,-468,,After-Hours,1,
2025/04/16,TX,202504/202512    ,-,-,-,-,-,-,0,-,-,-420,-310,-110,-410,,After-Hours,1,
2025/04/16,TX,202505/202506    ,-38,-38,-51,-51,-,-,20,-,-,-51,-47,23,-100,,Regular,341,
2025/04/16,TX,202505/202506    ,-,-,-,-,-,-,0,-,-,-49,-39,23,-100,,After-Hours,39,
2025/04/16,TX,202505/202509    ,-,-,-,-,-,-,0,-,-,-560,-353,-,-,,Regular,2,
2025/04/16,TX,202505/202512    ,-,-,-,-,-,-,0,-,-,-558,-348,-,-,,Regular,3,
2025/04/16,TX,202505/202603    ,-,-,-,-,-,-,0,-,-,-400,-345,-,-,,Regular,2,
2025/04/16,TX,202506/202509    ,-,-,-,-,-,-,0,-,-,-350,-309,-179,-336,,After-Hours,7,
2025/04/16,TX,202506/202603    ,-292,-292,-292,-292,-,-,8,-,-,-352,-287,-292,-315,,Regular,2,
2025/04/16,TX,202509/202512    ,-,-,-,-,-,-,0,-,-,-20,6,106,-67,,Regular,2,
2025/04/16,TX,202509/202512    ,-,-,-,-,-,-,0,-,-,-10,-3,106,-67,,After-Hours,2,
2025/04/16,TX,202512/202603    ,-,-,-,-,-,-,0,-,-,-14,7,56,-19,,Regular,2,
